node	op	opsize	ch	row	col	t
q_proj	WRVEC	64	0x3	0	0	0
q_proj	MAC	64	0x3	0	0	0
q_proj	WRVEC	64	0x3	64	0	0
q_proj	MAC	64	0x3	1	0	0
q_proj	RD_MAC	0	0x1	32768	0	0
q_proj	RD_MAC	0	0x2	32769	0	0
q_proj	WRVEC	64	0x3	0	0	0
q_proj	MAC	64	0x3	2	0	0
q_proj	WRVEC	64	0x3	64	0	0
q_proj	MAC	64	0x3	3	0	0
q_proj	RD_MAC	0	0x1	32770	0	0
q_proj	RD_MAC	0	0x2	32771	0	0
q_proj	WRVEC	64	0x3	0	0	0
q_proj	MAC	64	0x3	4	0	0
q_proj	WRVEC	64	0x3	64	0	0
q_proj	MAC	64	0x3	5	0	0
q_proj	RD_MAC	0	0x1	32772	0	0
q_proj	RD_MAC	0	0x2	32773	0	0
q_proj	WRVEC	64	0x3	0	0	0
q_proj	MAC	64	0x3	6	0	0
q_proj	WRVEC	64	0x3	64	0	0
q_proj	MAC	64	0x3	7	0	0
q_proj	RD_MAC	0	0x1	32774	0	0
q_proj	RD_MAC	0	0x2	32775	0	0
q_proj	WRVEC	64	0x3	0	0	0
q_proj	MAC	64	0x3	8	0	0
q_proj	WRVEC	64	0x3	64	0	0
q_proj	MAC	64	0x3	9	0	0
q_proj	RD_MAC	0	0x1	32776	0	0
q_proj	RD_MAC	0	0x2	32777	0	0
q_proj	WRVEC	64	0x3	0	0	0
q_proj	MAC	64	0x3	10	0	0
q_proj	WRVEC	64	0x3	64	0	0
q_proj	MAC	64	0x3	11	0	0
q_proj	RD_MAC	0	0x1	32778	0	0
q_proj	RD_MAC	0	0x2	32779	0	0
q_proj	WRVEC	64	0x3	0	0	0
q_proj	MAC	64	0x3	12	0	0
q_proj	WRVEC	64	0x3	64	0	0
q_proj	MAC	64	0x3	13	0	0
q_proj	RD_MAC	0	0x1	32780	0	0
q_proj	RD_MAC	0	0x2	32781	0	0
q_proj	WRVEC	64	0x3	0	0	0
q_proj	MAC	64	0x3	14	0	0
q_proj	WRVEC	64	0x3	64	0	0
q_proj	MAC	64	0x3	15	0	0
q_proj	RD_MAC	0	0x1	32782	0	0
q_proj	RD_MAC	0	0x2	32783	0	0
q_proj	WRVEC	64	0x3	0	0	0
q_proj	MAC	64	0x3	16	0	0
q_proj	WRVEC	64	0x3	64	0	0
q_proj	MAC	64	0x3	17	0	0
q_proj	RD_MAC	0	0x1	32784	0	0
q_proj	RD_MAC	0	0x2	32785	0	0
q_proj	WRVEC	64	0x3	0	0	0
q_proj	MAC	64	0x3	18	0	0
q_proj	WRVEC	64	0x3	64	0	0
q_proj	MAC	64	0x3	19	0	0
q_proj	RD_MAC	0	0x1	32786	0	0
q_proj	RD_MAC	0	0x2	32787	0	0
q_proj	WRVEC	64	0x3	0	0	0
q_proj	MAC	64	0x3	20	0	0
q_proj	WRVEC	64	0x3	64	0	0
q_proj	MAC	64	0x3	21	0	0
q_proj	RD_MAC	0	0x1	32788	0	0
q_proj	RD_MAC	0	0x2	32789	0	0
q_proj	WRVEC	64	0x3	0	0	0
q_proj	MAC	64	0x3	22	0	0
q_proj	WRVEC	64	0x3	64	0	0
q_proj	MAC	64	0x3	23	0	0
q_proj	RD_MAC	0	0x1	32790	0	0
q_proj	RD_MAC	0	0x2	32791	0	0
q_proj	WRVEC	64	0x3	0	0	0
q_proj	MAC	64	0x3	24	0	0
q_proj	WRVEC	64	0x3	64	0	0
q_proj	MAC	64	0x3	25	0	0
q_proj	RD_MAC	0	0x1	32792	0	0
q_proj	RD_MAC	0	0x2	32793	0	0
q_proj	WRVEC	64	0x3	0	0	0
q_proj	MAC	64	0x3	26	0	0
q_proj	WRVEC	64	0x3	64	0	0
q_proj	MAC	64	0x3	27	0	0
q_proj	RD_MAC	0	0x1	32794	0	0
q_proj	RD_MAC	0	0x2	32795	0	0
q_proj	WRVEC	64	0x3	0	0	0
q_proj	MAC	64	0x3	28	0	0
q_proj	WRVEC	64	0x3	64	0	0
q_proj	MAC	64	0x3	29	0	0
q_proj	RD_MAC	0	0x1	32796	0	0
q_proj	RD_MAC	0	0x2	32797	0	0
q_proj	WRVEC	64	0x3	0	0	0
q_proj	MAC	64	0x3	30	0	0
q_proj	WRVEC	64	0x3	64	0	0
q_proj	MAC	64	0x3	31	0	0
q_proj	RD_MAC	0	0x1	32798	0	0
q_proj	RD_MAC	0	0x2	32799	0	0
q_proj	WRVEC	64	0x3	0	0	0
q_proj	MAC	64	0x3	32	0	0
q_proj	WRVEC	64	0x3	64	0	0
q_proj	MAC	64	0x3	33	0	0
q_proj	RD_MAC	0	0x1	32800	0	0
q_proj	RD_MAC	0	0x2	32801	0	0
q_proj	WRVEC	64	0x3	0	0	0
q_proj	MAC	64	0x3	34	0	0
q_proj	WRVEC	64	0x3	64	0	0
q_proj	MAC	64	0x3	35	0	0
q_proj	RD_MAC	0	0x1	32802	0	0
q_proj	RD_MAC	0	0x2	32803	0	0
q_proj	WRVEC	64	0x3	0	0	0
q_proj	MAC	64	0x3	36	0	0
q_proj	WRVEC	64	0x3	64	0	0
q_proj	MAC	64	0x3	37	0	0
q_proj	RD_MAC	0	0x1	32804	0	0
q_proj	RD_MAC	0	0x2	32805	0	0
q_proj	WRVEC	64	0x3	0	0	0
q_proj	MAC	64	0x3	38	0	0
q_proj	WRVEC	64	0x3	64	0	0
q_proj	MAC	64	0x3	39	0	0
q_proj	RD_MAC	0	0x1	32806	0	0
q_proj	RD_MAC	0	0x2	32807	0	0
q_proj	WRVEC	64	0x3	0	0	0
q_proj	MAC	64	0x3	40	0	0
q_proj	WRVEC	64	0x3	64	0	0
q_proj	MAC	64	0x3	41	0	0
q_proj	RD_MAC	0	0x1	32808	0	0
q_proj	RD_MAC	0	0x2	32809	0	0
q_proj	WRVEC	64	0x3	0	0	0
q_proj	MAC	64	0x3	42	0	0
q_proj	WRVEC	64	0x3	64	0	0
q_proj	MAC	64	0x3	43	0	0
q_proj	RD_MAC	0	0x1	32810	0	0
q_proj	RD_MAC	0	0x2	32811	0	0
q_proj	WRVEC	64	0x3	0	0	0
q_proj	MAC	64	0x3	44	0	0
q_proj	WRVEC	64	0x3	64	0	0
q_proj	MAC	64	0x3	45	0	0
q_proj	RD_MAC	0	0x1	32812	0	0
q_proj	RD_MAC	0	0x2	32813	0	0
q_proj	WRVEC	64	0x3	0	0	0
q_proj	MAC	64	0x3	46	0	0
q_proj	WRVEC	64	0x3	64	0	0
q_proj	MAC	64	0x3	47	0	0
q_proj	RD_MAC	0	0x1	32814	0	0
q_proj	RD_MAC	0	0x2	32815	0	0
q_proj	WRVEC	64	0x3	0	0	0
q_proj	MAC	64	0x3	48	0	0
q_proj	WRVEC	64	0x3	64	0	0
q_proj	MAC	64	0x3	49	0	0
q_proj	RD_MAC	0	0x1	32816	0	0
q_proj	RD_MAC	0	0x2	32817	0	0
q_proj	WRVEC	64	0x3	0	0	0
q_proj	MAC	64	0x3	50	0	0
q_proj	WRVEC	64	0x3	64	0	0
q_proj	MAC	64	0x3	51	0	0
q_proj	RD_MAC	0	0x1	32818	0	0
q_proj	RD_MAC	0	0x2	32819	0	0
q_proj	WRVEC	64	0x3	0	0	0
q_proj	MAC	64	0x3	52	0	0
q_proj	WRVEC	64	0x3	64	0	0
q_proj	MAC	64	0x3	53	0	0
q_proj	RD_MAC	0	0x1	32820	0	0
q_proj	RD_MAC	0	0x2	32821	0	0
q_proj	WRVEC	64	0x3	0	0	0
q_proj	MAC	64	0x3	54	0	0
q_proj	WRVEC	64	0x3	64	0	0
q_proj	MAC	64	0x3	55	0	0
q_proj	RD_MAC	0	0x1	32822	0	0
q_proj	RD_MAC	0	0x2	32823	0	0
q_proj	WRVEC	64	0x3	0	0	0
q_proj	MAC	64	0x3	56	0	0
q_proj	WRVEC	64	0x3	64	0	0
q_proj	MAC	64	0x3	57	0	0
q_proj	RD_MAC	0	0x1	32824	0	0
q_proj	RD_MAC	0	0x2	32825	0	0
q_proj	WRVEC	64	0x3	0	0	0
q_proj	MAC	64	0x3	58	0	0
q_proj	WRVEC	64	0x3	64	0	0
q_proj	MAC	64	0x3	59	0	0
q_proj	RD_MAC	0	0x1	32826	0	0
q_proj	RD_MAC	0	0x2	32827	0	0
q_proj	WRVEC	64	0x3	0	0	0
q_proj	MAC	64	0x3	60	0	0
q_proj	WRVEC	64	0x3	64	0	0
q_proj	MAC	64	0x3	61	0	0
q_proj	RD_MAC	0	0x1	32828	0	0
q_proj	RD_MAC	0	0x2	32829	0	0
q_proj	WRVEC	64	0x3	0	0	0
q_proj	MAC	64	0x3	62	0	0
q_proj	WRVEC	64	0x3	64	0	0
q_proj	MAC	64	0x3	63	0	0
q_proj	RD_MAC	0	0x1	32830	0	0
q_proj	RD_MAC	0	0x2	32831	0	0
q_proj	WRVEC	64	0x3	0	0	0
q_proj	MAC	64	0x3	64	0	0
q_proj	WRVEC	64	0x3	64	0	0
q_proj	MAC	64	0x3	65	0	0
q_proj	RD_MAC	0	0x1	32832	0	0
q_proj	RD_MAC	0	0x2	32833	0	0
q_proj	WRVEC	64	0x3	0	0	0
q_proj	MAC	64	0x3	66	0	0
q_proj	WRVEC	64	0x3	64	0	0
q_proj	MAC	64	0x3	67	0	0
q_proj	RD_MAC	0	0x1	32834	0	0
q_proj	RD_MAC	0	0x2	32835	0	0
q_proj	WRVEC	64	0x3	0	0	0
q_proj	MAC	64	0x3	68	0	0
q_proj	WRVEC	64	0x3	64	0	0
q_proj	MAC	64	0x3	69	0	0
q_proj	RD_MAC	0	0x1	32836	0	0
q_proj	RD_MAC	0	0x2	32837	0	0
q_proj	WRVEC	64	0x3	0	0	0
q_proj	MAC	64	0x3	70	0	0
q_proj	WRVEC	64	0x3	64	0	0
q_proj	MAC	64	0x3	71	0	0
q_proj	RD_MAC	0	0x1	32838	0	0
q_proj	RD_MAC	0	0x2	32839	0	0
q_proj	WRVEC	64	0x3	0	0	0
q_proj	MAC	64	0x3	72	0	0
q_proj	WRVEC	64	0x3	64	0	0
q_proj	MAC	64	0x3	73	0	0
q_proj	RD_MAC	0	0x1	32840	0	0
q_proj	RD_MAC	0	0x2	32841	0	0
q_proj	WRVEC	64	0x3	0	0	0
q_proj	MAC	64	0x3	74	0	0
q_proj	WRVEC	64	0x3	64	0	0
q_proj	MAC	64	0x3	75	0	0
q_proj	RD_MAC	0	0x1	32842	0	0
q_proj	RD_MAC	0	0x2	32843	0	0
q_proj	WRVEC	64	0x3	0	0	0
q_proj	MAC	64	0x3	76	0	0
q_proj	WRVEC	64	0x3	64	0	0
q_proj	MAC	64	0x3	77	0	0
q_proj	RD_MAC	0	0x1	32844	0	0
q_proj	RD_MAC	0	0x2	32845	0	0
q_proj	WRVEC	64	0x3	0	0	0
q_proj	MAC	64	0x3	78	0	0
q_proj	WRVEC	64	0x3	64	0	0
q_proj	MAC	64	0x3	79	0	0
q_proj	RD_MAC	0	0x1	32846	0	0
q_proj	RD_MAC	0	0x2	32847	0	0
q_proj	WRVEC	64	0x3	0	0	0
q_proj	MAC	64	0x3	80	0	0
q_proj	WRVEC	64	0x3	64	0	0
q_proj	MAC	64	0x3	81	0	0
q_proj	RD_MAC	0	0x1	32848	0	0
q_proj	RD_MAC	0	0x2	32849	0	0
q_proj	WRVEC	64	0x3	0	0	0
q_proj	MAC	64	0x3	82	0	0
q_proj	WRVEC	64	0x3	64	0	0
q_proj	MAC	64	0x3	83	0	0
q_proj	RD_MAC	0	0x1	32850	0	0
q_proj	RD_MAC	0	0x2	32851	0	0
q_proj	WRVEC	64	0x3	0	0	0
q_proj	MAC	64	0x3	84	0	0
q_proj	WRVEC	64	0x3	64	0	0
q_proj	MAC	64	0x3	85	0	0
q_proj	RD_MAC	0	0x1	32852	0	0
q_proj	RD_MAC	0	0x2	32853	0	0
q_proj	WRVEC	64	0x3	0	0	0
q_proj	MAC	64	0x3	86	0	0
q_proj	WRVEC	64	0x3	64	0	0
q_proj	MAC	64	0x3	87	0	0
q_proj	RD_MAC	0	0x1	32854	0	0
q_proj	RD_MAC	0	0x2	32855	0	0
q_proj	WRVEC	64	0x3	0	0	0
q_proj	MAC	64	0x3	88	0	0
q_proj	WRVEC	64	0x3	64	0	0
q_proj	MAC	64	0x3	89	0	0
q_proj	RD_MAC	0	0x1	32856	0	0
q_proj	RD_MAC	0	0x2	32857	0	0
q_proj	WRVEC	64	0x3	0	0	0
q_proj	MAC	64	0x3	90	0	0
q_proj	WRVEC	64	0x3	64	0	0
q_proj	MAC	64	0x3	91	0	0
q_proj	RD_MAC	0	0x1	32858	0	0
q_proj	RD_MAC	0	0x2	32859	0	0
q_proj	WRVEC	64	0x3	0	0	0
q_proj	MAC	64	0x3	92	0	0
q_proj	WRVEC	64	0x3	64	0	0
q_proj	MAC	64	0x3	93	0	0
q_proj	RD_MAC	0	0x1	32860	0	0
q_proj	RD_MAC	0	0x2	32861	0	0
q_proj	WRVEC	64	0x3	0	0	0
q_proj	MAC	64	0x3	94	0	0
q_proj	WRVEC	64	0x3	64	0	0
q_proj	MAC	64	0x3	95	0	0
q_proj	RD_MAC	0	0x1	32862	0	0
q_proj	RD_MAC	0	0x2	32863	0	0
q_proj	WRVEC	64	0x3	0	0	0
q_proj	MAC	64	0x3	96	0	0
q_proj	WRVEC	64	0x3	64	0	0
q_proj	MAC	64	0x3	97	0	0
q_proj	RD_MAC	0	0x1	32864	0	0
q_proj	RD_MAC	0	0x2	32865	0	0
q_proj	WRVEC	64	0x3	0	0	0
q_proj	MAC	64	0x3	98	0	0
q_proj	WRVEC	64	0x3	64	0	0
q_proj	MAC	64	0x3	99	0	0
q_proj	RD_MAC	0	0x1	32866	0	0
q_proj	RD_MAC	0	0x2	32867	0	0
q_proj	WRVEC	64	0x3	0	0	0
q_proj	MAC	64	0x3	100	0	0
q_proj	WRVEC	64	0x3	64	0	0
q_proj	MAC	64	0x3	101	0	0
q_proj	RD_MAC	0	0x1	32868	0	0
q_proj	RD_MAC	0	0x2	32869	0	0
q_proj	WRVEC	64	0x3	0	0	0
q_proj	MAC	64	0x3	102	0	0
q_proj	WRVEC	64	0x3	64	0	0
q_proj	MAC	64	0x3	103	0	0
q_proj	RD_MAC	0	0x1	32870	0	0
q_proj	RD_MAC	0	0x2	32871	0	0
q_proj	WRVEC	64	0x3	0	0	0
q_proj	MAC	64	0x3	104	0	0
q_proj	WRVEC	64	0x3	64	0	0
q_proj	MAC	64	0x3	105	0	0
q_proj	RD_MAC	0	0x1	32872	0	0
q_proj	RD_MAC	0	0x2	32873	0	0
q_proj	WRVEC	64	0x3	0	0	0
q_proj	MAC	64	0x3	106	0	0
q_proj	WRVEC	64	0x3	64	0	0
q_proj	MAC	64	0x3	107	0	0
q_proj	RD_MAC	0	0x1	32874	0	0
q_proj	RD_MAC	0	0x2	32875	0	0
q_proj	WRVEC	64	0x3	0	0	0
q_proj	MAC	64	0x3	108	0	0
q_proj	WRVEC	64	0x3	64	0	0
q_proj	MAC	64	0x3	109	0	0
q_proj	RD_MAC	0	0x1	32876	0	0
q_proj	RD_MAC	0	0x2	32877	0	0
q_proj	WRVEC	64	0x3	0	0	0
q_proj	MAC	64	0x3	110	0	0
q_proj	WRVEC	64	0x3	64	0	0
q_proj	MAC	64	0x3	111	0	0
q_proj	RD_MAC	0	0x1	32878	0	0
q_proj	RD_MAC	0	0x2	32879	0	0
q_proj	WRVEC	64	0x3	0	0	0
q_proj	MAC	64	0x3	112	0	0
q_proj	WRVEC	64	0x3	64	0	0
q_proj	MAC	64	0x3	113	0	0
q_proj	RD_MAC	0	0x1	32880	0	0
q_proj	RD_MAC	0	0x2	32881	0	0
q_proj	WRVEC	64	0x3	0	0	0
q_proj	MAC	64	0x3	114	0	0
q_proj	WRVEC	64	0x3	64	0	0
q_proj	MAC	64	0x3	115	0	0
q_proj	RD_MAC	0	0x1	32882	0	0
q_proj	RD_MAC	0	0x2	32883	0	0
q_proj	WRVEC	64	0x3	0	0	0
q_proj	MAC	64	0x3	116	0	0
q_proj	WRVEC	64	0x3	64	0	0
q_proj	MAC	64	0x3	117	0	0
q_proj	RD_MAC	0	0x1	32884	0	0
q_proj	RD_MAC	0	0x2	32885	0	0
q_proj	WRVEC	64	0x3	0	0	0
q_proj	MAC	64	0x3	118	0	0
q_proj	WRVEC	64	0x3	64	0	0
q_proj	MAC	64	0x3	119	0	0
q_proj	RD_MAC	0	0x1	32886	0	0
q_proj	RD_MAC	0	0x2	32887	0	0
q_proj	WRVEC	64	0x3	0	0	0
q_proj	MAC	64	0x3	120	0	0
q_proj	WRVEC	64	0x3	64	0	0
q_proj	MAC	64	0x3	121	0	0
q_proj	RD_MAC	0	0x1	32888	0	0
q_proj	RD_MAC	0	0x2	32889	0	0
q_proj	WRVEC	64	0x3	0	0	0
q_proj	MAC	64	0x3	122	0	0
q_proj	WRVEC	64	0x3	64	0	0
q_proj	MAC	64	0x3	123	0	0
q_proj	RD_MAC	0	0x1	32890	0	0
q_proj	RD_MAC	0	0x2	32891	0	0
q_proj	WRVEC	64	0x3	0	0	0
q_proj	MAC	64	0x3	124	0	0
q_proj	WRVEC	64	0x3	64	0	0
q_proj	MAC	64	0x3	125	0	0
q_proj	RD_MAC	0	0x1	32892	0	0
q_proj	RD_MAC	0	0x2	32893	0	0
q_proj	WRVEC	64	0x3	0	0	0
q_proj	MAC	64	0x3	126	0	0
q_proj	WRVEC	64	0x3	64	0	0
q_proj	MAC	64	0x3	127	0	0
q_proj	RD_MAC	0	0x1	32894	0	0
q_proj	RD_MAC	0	0x2	32895	0	0
k_proj	WRVEC	64	0x3	0	0	0
k_proj	MAC	64	0x3	128	0	0
k_proj	WRVEC	64	0x3	64	0	0
k_proj	MAC	64	0x3	129	0	0
k_proj	RD_MAC	0	0x1	32768	0	0
k_proj	RD_MAC	0	0x2	32769	0	0
k_proj	WRVEC	64	0x3	0	0	0
k_proj	MAC	64	0x3	130	0	0
k_proj	WRVEC	64	0x3	64	0	0
k_proj	MAC	64	0x3	131	0	0
k_proj	RD_MAC	0	0x1	32770	0	0
k_proj	RD_MAC	0	0x2	32771	0	0
k_proj	WRVEC	64	0x3	0	0	0
k_proj	MAC	64	0x3	132	0	0
k_proj	WRVEC	64	0x3	64	0	0
k_proj	MAC	64	0x3	133	0	0
k_proj	RD_MAC	0	0x1	32772	0	0
k_proj	RD_MAC	0	0x2	32773	0	0
k_proj	WRVEC	64	0x3	0	0	0
k_proj	MAC	64	0x3	134	0	0
k_proj	WRVEC	64	0x3	64	0	0
k_proj	MAC	64	0x3	135	0	0
k_proj	RD_MAC	0	0x1	32774	0	0
k_proj	RD_MAC	0	0x2	32775	0	0
k_proj	WRVEC	64	0x3	0	0	0
k_proj	MAC	64	0x3	136	0	0
k_proj	WRVEC	64	0x3	64	0	0
k_proj	MAC	64	0x3	137	0	0
k_proj	RD_MAC	0	0x1	32776	0	0
k_proj	RD_MAC	0	0x2	32777	0	0
k_proj	WRVEC	64	0x3	0	0	0
k_proj	MAC	64	0x3	138	0	0
k_proj	WRVEC	64	0x3	64	0	0
k_proj	MAC	64	0x3	139	0	0
k_proj	RD_MAC	0	0x1	32778	0	0
k_proj	RD_MAC	0	0x2	32779	0	0
k_proj	WRVEC	64	0x3	0	0	0
k_proj	MAC	64	0x3	140	0	0
k_proj	WRVEC	64	0x3	64	0	0
k_proj	MAC	64	0x3	141	0	0
k_proj	RD_MAC	0	0x1	32780	0	0
k_proj	RD_MAC	0	0x2	32781	0	0
k_proj	WRVEC	64	0x3	0	0	0
k_proj	MAC	64	0x3	142	0	0
k_proj	WRVEC	64	0x3	64	0	0
k_proj	MAC	64	0x3	143	0	0
k_proj	RD_MAC	0	0x1	32782	0	0
k_proj	RD_MAC	0	0x2	32783	0	0
k_proj	WRVEC	64	0x3	0	0	0
k_proj	MAC	64	0x3	144	0	0
k_proj	WRVEC	64	0x3	64	0	0
k_proj	MAC	64	0x3	145	0	0
k_proj	RD_MAC	0	0x1	32784	0	0
k_proj	RD_MAC	0	0x2	32785	0	0
k_proj	WRVEC	64	0x3	0	0	0
k_proj	MAC	64	0x3	146	0	0
k_proj	WRVEC	64	0x3	64	0	0
k_proj	MAC	64	0x3	147	0	0
k_proj	RD_MAC	0	0x1	32786	0	0
k_proj	RD_MAC	0	0x2	32787	0	0
k_proj	WRVEC	64	0x3	0	0	0
k_proj	MAC	64	0x3	148	0	0
k_proj	WRVEC	64	0x3	64	0	0
k_proj	MAC	64	0x3	149	0	0
k_proj	RD_MAC	0	0x1	32788	0	0
k_proj	RD_MAC	0	0x2	32789	0	0
k_proj	WRVEC	64	0x3	0	0	0
k_proj	MAC	64	0x3	150	0	0
k_proj	WRVEC	64	0x3	64	0	0
k_proj	MAC	64	0x3	151	0	0
k_proj	RD_MAC	0	0x1	32790	0	0
k_proj	RD_MAC	0	0x2	32791	0	0
k_proj	WRVEC	64	0x3	0	0	0
k_proj	MAC	64	0x3	152	0	0
k_proj	WRVEC	64	0x3	64	0	0
k_proj	MAC	64	0x3	153	0	0
k_proj	RD_MAC	0	0x1	32792	0	0
k_proj	RD_MAC	0	0x2	32793	0	0
k_proj	WRVEC	64	0x3	0	0	0
k_proj	MAC	64	0x3	154	0	0
k_proj	WRVEC	64	0x3	64	0	0
k_proj	MAC	64	0x3	155	0	0
k_proj	RD_MAC	0	0x1	32794	0	0
k_proj	RD_MAC	0	0x2	32795	0	0
k_proj	WRVEC	64	0x3	0	0	0
k_proj	MAC	64	0x3	156	0	0
k_proj	WRVEC	64	0x3	64	0	0
k_proj	MAC	64	0x3	157	0	0
k_proj	RD_MAC	0	0x1	32796	0	0
k_proj	RD_MAC	0	0x2	32797	0	0
k_proj	WRVEC	64	0x3	0	0	0
k_proj	MAC	64	0x3	158	0	0
k_proj	WRVEC	64	0x3	64	0	0
k_proj	MAC	64	0x3	159	0	0
k_proj	RD_MAC	0	0x1	32798	0	0
k_proj	RD_MAC	0	0x2	32799	0	0
v_proj	WRVEC	64	0x3	0	0	0
v_proj	MAC	64	0x3	160	0	0
v_proj	WRVEC	64	0x3	64	0	0
v_proj	MAC	64	0x3	161	0	0
v_proj	RD_MAC	0	0x1	32768	0	0
v_proj	RD_MAC	0	0x2	32769	0	0
v_proj	WRVEC	64	0x3	0	0	0
v_proj	MAC	64	0x3	162	0	0
v_proj	WRVEC	64	0x3	64	0	0
v_proj	MAC	64	0x3	163	0	0
v_proj	RD_MAC	0	0x1	32770	0	0
v_proj	RD_MAC	0	0x2	32771	0	0
v_proj	WRVEC	64	0x3	0	0	0
v_proj	MAC	64	0x3	164	0	0
v_proj	WRVEC	64	0x3	64	0	0
v_proj	MAC	64	0x3	165	0	0
v_proj	RD_MAC	0	0x1	32772	0	0
v_proj	RD_MAC	0	0x2	32773	0	0
v_proj	WRVEC	64	0x3	0	0	0
v_proj	MAC	64	0x3	166	0	0
v_proj	WRVEC	64	0x3	64	0	0
v_proj	MAC	64	0x3	167	0	0
v_proj	RD_MAC	0	0x1	32774	0	0
v_proj	RD_MAC	0	0x2	32775	0	0
v_proj	WRVEC	64	0x3	0	0	0
v_proj	MAC	64	0x3	168	0	0
v_proj	WRVEC	64	0x3	64	0	0
v_proj	MAC	64	0x3	169	0	0
v_proj	RD_MAC	0	0x1	32776	0	0
v_proj	RD_MAC	0	0x2	32777	0	0
v_proj	WRVEC	64	0x3	0	0	0
v_proj	MAC	64	0x3	170	0	0
v_proj	WRVEC	64	0x3	64	0	0
v_proj	MAC	64	0x3	171	0	0
v_proj	RD_MAC	0	0x1	32778	0	0
v_proj	RD_MAC	0	0x2	32779	0	0
v_proj	WRVEC	64	0x3	0	0	0
v_proj	MAC	64	0x3	172	0	0
v_proj	WRVEC	64	0x3	64	0	0
v_proj	MAC	64	0x3	173	0	0
v_proj	RD_MAC	0	0x1	32780	0	0
v_proj	RD_MAC	0	0x2	32781	0	0
v_proj	WRVEC	64	0x3	0	0	0
v_proj	MAC	64	0x3	174	0	0
v_proj	WRVEC	64	0x3	64	0	0
v_proj	MAC	64	0x3	175	0	0
v_proj	RD_MAC	0	0x1	32782	0	0
v_proj	RD_MAC	0	0x2	32783	0	0
v_proj	WRVEC	64	0x3	0	0	0
v_proj	MAC	64	0x3	176	0	0
v_proj	WRVEC	64	0x3	64	0	0
v_proj	MAC	64	0x3	177	0	0
v_proj	RD_MAC	0	0x1	32784	0	0
v_proj	RD_MAC	0	0x2	32785	0	0
v_proj	WRVEC	64	0x3	0	0	0
v_proj	MAC	64	0x3	178	0	0
v_proj	WRVEC	64	0x3	64	0	0
v_proj	MAC	64	0x3	179	0	0
v_proj	RD_MAC	0	0x1	32786	0	0
v_proj	RD_MAC	0	0x2	32787	0	0
v_proj	WRVEC	64	0x3	0	0	0
v_proj	MAC	64	0x3	180	0	0
v_proj	WRVEC	64	0x3	64	0	0
v_proj	MAC	64	0x3	181	0	0
v_proj	RD_MAC	0	0x1	32788	0	0
v_proj	RD_MAC	0	0x2	32789	0	0
v_proj	WRVEC	64	0x3	0	0	0
v_proj	MAC	64	0x3	182	0	0
v_proj	WRVEC	64	0x3	64	0	0
v_proj	MAC	64	0x3	183	0	0
v_proj	RD_MAC	0	0x1	32790	0	0
v_proj	RD_MAC	0	0x2	32791	0	0
v_proj	WRVEC	64	0x3	0	0	0
v_proj	MAC	64	0x3	184	0	0
v_proj	WRVEC	64	0x3	64	0	0
v_proj	MAC	64	0x3	185	0	0
v_proj	RD_MAC	0	0x1	32792	0	0
v_proj	RD_MAC	0	0x2	32793	0	0
v_proj	WRVEC	64	0x3	0	0	0
v_proj	MAC	64	0x3	186	0	0
v_proj	WRVEC	64	0x3	64	0	0
v_proj	MAC	64	0x3	187	0	0
v_proj	RD_MAC	0	0x1	32794	0	0
v_proj	RD_MAC	0	0x2	32795	0	0
v_proj	WRVEC	64	0x3	0	0	0
v_proj	MAC	64	0x3	188	0	0
v_proj	WRVEC	64	0x3	64	0	0
v_proj	MAC	64	0x3	189	0	0
v_proj	RD_MAC	0	0x1	32796	0	0
v_proj	RD_MAC	0	0x2	32797	0	0
v_proj	WRVEC	64	0x3	0	0	0
v_proj	MAC	64	0x3	190	0	0
v_proj	WRVEC	64	0x3	64	0	0
v_proj	MAC	64	0x3	191	0	0
v_proj	RD_MAC	0	0x1	32798	0	0
v_proj	RD_MAC	0	0x2	32799	0	0
o_proj	WRVEC	64	0x3	0	0	0
o_proj	MAC	64	0x3	192	0	0
o_proj	WRVEC	64	0x3	64	0	0
o_proj	MAC	64	0x3	193	0	0
o_proj	RD_MAC	0	0x1	32768	0	0
o_proj	RD_MAC	0	0x2	32769	0	0
o_proj	WRVEC	64	0x3	0	0	0
o_proj	MAC	64	0x3	194	0	0
o_proj	WRVEC	64	0x3	64	0	0
o_proj	MAC	64	0x3	195	0	0
o_proj	RD_MAC	0	0x1	32770	0	0
o_proj	RD_MAC	0	0x2	32771	0	0
o_proj	WRVEC	64	0x3	0	0	0
o_proj	MAC	64	0x3	196	0	0
o_proj	WRVEC	64	0x3	64	0	0
o_proj	MAC	64	0x3	197	0	0
o_proj	RD_MAC	0	0x1	32772	0	0
o_proj	RD_MAC	0	0x2	32773	0	0
o_proj	WRVEC	64	0x3	0	0	0
o_proj	MAC	64	0x3	198	0	0
o_proj	WRVEC	64	0x3	64	0	0
o_proj	MAC	64	0x3	199	0	0
o_proj	RD_MAC	0	0x1	32774	0	0
o_proj	RD_MAC	0	0x2	32775	0	0
o_proj	WRVEC	64	0x3	0	0	0
o_proj	MAC	64	0x3	200	0	0
o_proj	WRVEC	64	0x3	64	0	0
o_proj	MAC	64	0x3	201	0	0
o_proj	RD_MAC	0	0x1	32776	0	0
o_proj	RD_MAC	0	0x2	32777	0	0
o_proj	WRVEC	64	0x3	0	0	0
o_proj	MAC	64	0x3	202	0	0
o_proj	WRVEC	64	0x3	64	0	0
o_proj	MAC	64	0x3	203	0	0
o_proj	RD_MAC	0	0x1	32778	0	0
o_proj	RD_MAC	0	0x2	32779	0	0
o_proj	WRVEC	64	0x3	0	0	0
o_proj	MAC	64	0x3	204	0	0
o_proj	WRVEC	64	0x3	64	0	0
o_proj	MAC	64	0x3	205	0	0
o_proj	RD_MAC	0	0x1	32780	0	0
o_proj	RD_MAC	0	0x2	32781	0	0
o_proj	WRVEC	64	0x3	0	0	0
o_proj	MAC	64	0x3	206	0	0
o_proj	WRVEC	64	0x3	64	0	0
o_proj	MAC	64	0x3	207	0	0
o_proj	RD_MAC	0	0x1	32782	0	0
o_proj	RD_MAC	0	0x2	32783	0	0
o_proj	WRVEC	64	0x3	0	0	0
o_proj	MAC	64	0x3	208	0	0
o_proj	WRVEC	64	0x3	64	0	0
o_proj	MAC	64	0x3	209	0	0
o_proj	RD_MAC	0	0x1	32784	0	0
o_proj	RD_MAC	0	0x2	32785	0	0
o_proj	WRVEC	64	0x3	0	0	0
o_proj	MAC	64	0x3	210	0	0
o_proj	WRVEC	64	0x3	64	0	0
o_proj	MAC	64	0x3	211	0	0
o_proj	RD_MAC	0	0x1	32786	0	0
o_proj	RD_MAC	0	0x2	32787	0	0
o_proj	WRVEC	64	0x3	0	0	0
o_proj	MAC	64	0x3	212	0	0
o_proj	WRVEC	64	0x3	64	0	0
o_proj	MAC	64	0x3	213	0	0
o_proj	RD_MAC	0	0x1	32788	0	0
o_proj	RD_MAC	0	0x2	32789	0	0
o_proj	WRVEC	64	0x3	0	0	0
o_proj	MAC	64	0x3	214	0	0
o_proj	WRVEC	64	0x3	64	0	0
o_proj	MAC	64	0x3	215	0	0
o_proj	RD_MAC	0	0x1	32790	0	0
o_proj	RD_MAC	0	0x2	32791	0	0
o_proj	WRVEC	64	0x3	0	0	0
o_proj	MAC	64	0x3	216	0	0
o_proj	WRVEC	64	0x3	64	0	0
o_proj	MAC	64	0x3	217	0	0
o_proj	RD_MAC	0	0x1	32792	0	0
o_proj	RD_MAC	0	0x2	32793	0	0
o_proj	WRVEC	64	0x3	0	0	0
o_proj	MAC	64	0x3	218	0	0
o_proj	WRVEC	64	0x3	64	0	0
o_proj	MAC	64	0x3	219	0	0
o_proj	RD_MAC	0	0x1	32794	0	0
o_proj	RD_MAC	0	0x2	32795	0	0
o_proj	WRVEC	64	0x3	0	0	0
o_proj	MAC	64	0x3	220	0	0
o_proj	WRVEC	64	0x3	64	0	0
o_proj	MAC	64	0x3	221	0	0
o_proj	RD_MAC	0	0x1	32796	0	0
o_proj	RD_MAC	0	0x2	32797	0	0
o_proj	WRVEC	64	0x3	0	0	0
o_proj	MAC	64	0x3	222	0	0
o_proj	WRVEC	64	0x3	64	0	0
o_proj	MAC	64	0x3	223	0	0
o_proj	RD_MAC	0	0x1	32798	0	0
o_proj	RD_MAC	0	0x2	32799	0	0
o_proj	WRVEC	64	0x3	0	0	0
o_proj	MAC	64	0x3	224	0	0
o_proj	WRVEC	64	0x3	64	0	0
o_proj	MAC	64	0x3	225	0	0
o_proj	RD_MAC	0	0x1	32800	0	0
o_proj	RD_MAC	0	0x2	32801	0	0
o_proj	WRVEC	64	0x3	0	0	0
o_proj	MAC	64	0x3	226	0	0
o_proj	WRVEC	64	0x3	64	0	0
o_proj	MAC	64	0x3	227	0	0
o_proj	RD_MAC	0	0x1	32802	0	0
o_proj	RD_MAC	0	0x2	32803	0	0
o_proj	WRVEC	64	0x3	0	0	0
o_proj	MAC	64	0x3	228	0	0
o_proj	WRVEC	64	0x3	64	0	0
o_proj	MAC	64	0x3	229	0	0
o_proj	RD_MAC	0	0x1	32804	0	0
o_proj	RD_MAC	0	0x2	32805	0	0
o_proj	WRVEC	64	0x3	0	0	0
o_proj	MAC	64	0x3	230	0	0
o_proj	WRVEC	64	0x3	64	0	0
o_proj	MAC	64	0x3	231	0	0
o_proj	RD_MAC	0	0x1	32806	0	0
o_proj	RD_MAC	0	0x2	32807	0	0
o_proj	WRVEC	64	0x3	0	0	0
o_proj	MAC	64	0x3	232	0	0
o_proj	WRVEC	64	0x3	64	0	0
o_proj	MAC	64	0x3	233	0	0
o_proj	RD_MAC	0	0x1	32808	0	0
o_proj	RD_MAC	0	0x2	32809	0	0
o_proj	WRVEC	64	0x3	0	0	0
o_proj	MAC	64	0x3	234	0	0
o_proj	WRVEC	64	0x3	64	0	0
o_proj	MAC	64	0x3	235	0	0
o_proj	RD_MAC	0	0x1	32810	0	0
o_proj	RD_MAC	0	0x2	32811	0	0
o_proj	WRVEC	64	0x3	0	0	0
o_proj	MAC	64	0x3	236	0	0
o_proj	WRVEC	64	0x3	64	0	0
o_proj	MAC	64	0x3	237	0	0
o_proj	RD_MAC	0	0x1	32812	0	0
o_proj	RD_MAC	0	0x2	32813	0	0
o_proj	WRVEC	64	0x3	0	0	0
o_proj	MAC	64	0x3	238	0	0
o_proj	WRVEC	64	0x3	64	0	0
o_proj	MAC	64	0x3	239	0	0
o_proj	RD_MAC	0	0x1	32814	0	0
o_proj	RD_MAC	0	0x2	32815	0	0
o_proj	WRVEC	64	0x3	0	0	0
o_proj	MAC	64	0x3	240	0	0
o_proj	WRVEC	64	0x3	64	0	0
o_proj	MAC	64	0x3	241	0	0
o_proj	RD_MAC	0	0x1	32816	0	0
o_proj	RD_MAC	0	0x2	32817	0	0
o_proj	WRVEC	64	0x3	0	0	0
o_proj	MAC	64	0x3	242	0	0
o_proj	WRVEC	64	0x3	64	0	0
o_proj	MAC	64	0x3	243	0	0
o_proj	RD_MAC	0	0x1	32818	0	0
o_proj	RD_MAC	0	0x2	32819	0	0
o_proj	WRVEC	64	0x3	0	0	0
o_proj	MAC	64	0x3	244	0	0
o_proj	WRVEC	64	0x3	64	0	0
o_proj	MAC	64	0x3	245	0	0
o_proj	RD_MAC	0	0x1	32820	0	0
o_proj	RD_MAC	0	0x2	32821	0	0
o_proj	WRVEC	64	0x3	0	0	0
o_proj	MAC	64	0x3	246	0	0
o_proj	WRVEC	64	0x3	64	0	0
o_proj	MAC	64	0x3	247	0	0
o_proj	RD_MAC	0	0x1	32822	0	0
o_proj	RD_MAC	0	0x2	32823	0	0
o_proj	WRVEC	64	0x3	0	0	0
o_proj	MAC	64	0x3	248	0	0
o_proj	WRVEC	64	0x3	64	0	0
o_proj	MAC	64	0x3	249	0	0
o_proj	RD_MAC	0	0x1	32824	0	0
o_proj	RD_MAC	0	0x2	32825	0	0
o_proj	WRVEC	64	0x3	0	0	0
o_proj	MAC	64	0x3	250	0	0
o_proj	WRVEC	64	0x3	64	0	0
o_proj	MAC	64	0x3	251	0	0
o_proj	RD_MAC	0	0x1	32826	0	0
o_proj	RD_MAC	0	0x2	32827	0	0
o_proj	WRVEC	64	0x3	0	0	0
o_proj	MAC	64	0x3	252	0	0
o_proj	WRVEC	64	0x3	64	0	0
o_proj	MAC	64	0x3	253	0	0
o_proj	RD_MAC	0	0x1	32828	0	0
o_proj	RD_MAC	0	0x2	32829	0	0
o_proj	WRVEC	64	0x3	0	0	0
o_proj	MAC	64	0x3	254	0	0
o_proj	WRVEC	64	0x3	64	0	0
o_proj	MAC	64	0x3	255	0	0
o_proj	RD_MAC	0	0x1	32830	0	0
o_proj	RD_MAC	0	0x2	32831	0	0
o_proj	WRVEC	64	0x3	0	0	0
o_proj	MAC	64	0x3	256	0	0
o_proj	WRVEC	64	0x3	64	0	0
o_proj	MAC	64	0x3	257	0	0
o_proj	RD_MAC	0	0x1	32832	0	0
o_proj	RD_MAC	0	0x2	32833	0	0
o_proj	WRVEC	64	0x3	0	0	0
o_proj	MAC	64	0x3	258	0	0
o_proj	WRVEC	64	0x3	64	0	0
o_proj	MAC	64	0x3	259	0	0
o_proj	RD_MAC	0	0x1	32834	0	0
o_proj	RD_MAC	0	0x2	32835	0	0
o_proj	WRVEC	64	0x3	0	0	0
o_proj	MAC	64	0x3	260	0	0
o_proj	WRVEC	64	0x3	64	0	0
o_proj	MAC	64	0x3	261	0	0
o_proj	RD_MAC	0	0x1	32836	0	0
o_proj	RD_MAC	0	0x2	32837	0	0
o_proj	WRVEC	64	0x3	0	0	0
o_proj	MAC	64	0x3	262	0	0
o_proj	WRVEC	64	0x3	64	0	0
o_proj	MAC	64	0x3	263	0	0
o_proj	RD_MAC	0	0x1	32838	0	0
o_proj	RD_MAC	0	0x2	32839	0	0
o_proj	WRVEC	64	0x3	0	0	0
o_proj	MAC	64	0x3	264	0	0
o_proj	WRVEC	64	0x3	64	0	0
o_proj	MAC	64	0x3	265	0	0
o_proj	RD_MAC	0	0x1	32840	0	0
o_proj	RD_MAC	0	0x2	32841	0	0
o_proj	WRVEC	64	0x3	0	0	0
o_proj	MAC	64	0x3	266	0	0
o_proj	WRVEC	64	0x3	64	0	0
o_proj	MAC	64	0x3	267	0	0
o_proj	RD_MAC	0	0x1	32842	0	0
o_proj	RD_MAC	0	0x2	32843	0	0
o_proj	WRVEC	64	0x3	0	0	0
o_proj	MAC	64	0x3	268	0	0
o_proj	WRVEC	64	0x3	64	0	0
o_proj	MAC	64	0x3	269	0	0
o_proj	RD_MAC	0	0x1	32844	0	0
o_proj	RD_MAC	0	0x2	32845	0	0
o_proj	WRVEC	64	0x3	0	0	0
o_proj	MAC	64	0x3	270	0	0
o_proj	WRVEC	64	0x3	64	0	0
o_proj	MAC	64	0x3	271	0	0
o_proj	RD_MAC	0	0x1	32846	0	0
o_proj	RD_MAC	0	0x2	32847	0	0
o_proj	WRVEC	64	0x3	0	0	0
o_proj	MAC	64	0x3	272	0	0
o_proj	WRVEC	64	0x3	64	0	0
o_proj	MAC	64	0x3	273	0	0
o_proj	RD_MAC	0	0x1	32848	0	0
o_proj	RD_MAC	0	0x2	32849	0	0
o_proj	WRVEC	64	0x3	0	0	0
o_proj	MAC	64	0x3	274	0	0
o_proj	WRVEC	64	0x3	64	0	0
o_proj	MAC	64	0x3	275	0	0
o_proj	RD_MAC	0	0x1	32850	0	0
o_proj	RD_MAC	0	0x2	32851	0	0
o_proj	WRVEC	64	0x3	0	0	0
o_proj	MAC	64	0x3	276	0	0
o_proj	WRVEC	64	0x3	64	0	0
o_proj	MAC	64	0x3	277	0	0
o_proj	RD_MAC	0	0x1	32852	0	0
o_proj	RD_MAC	0	0x2	32853	0	0
o_proj	WRVEC	64	0x3	0	0	0
o_proj	MAC	64	0x3	278	0	0
o_proj	WRVEC	64	0x3	64	0	0
o_proj	MAC	64	0x3	279	0	0
o_proj	RD_MAC	0	0x1	32854	0	0
o_proj	RD_MAC	0	0x2	32855	0	0
o_proj	WRVEC	64	0x3	0	0	0
o_proj	MAC	64	0x3	280	0	0
o_proj	WRVEC	64	0x3	64	0	0
o_proj	MAC	64	0x3	281	0	0
o_proj	RD_MAC	0	0x1	32856	0	0
o_proj	RD_MAC	0	0x2	32857	0	0
o_proj	WRVEC	64	0x3	0	0	0
o_proj	MAC	64	0x3	282	0	0
o_proj	WRVEC	64	0x3	64	0	0
o_proj	MAC	64	0x3	283	0	0
o_proj	RD_MAC	0	0x1	32858	0	0
o_proj	RD_MAC	0	0x2	32859	0	0
o_proj	WRVEC	64	0x3	0	0	0
o_proj	MAC	64	0x3	284	0	0
o_proj	WRVEC	64	0x3	64	0	0
o_proj	MAC	64	0x3	285	0	0
o_proj	RD_MAC	0	0x1	32860	0	0
o_proj	RD_MAC	0	0x2	32861	0	0
o_proj	WRVEC	64	0x3	0	0	0
o_proj	MAC	64	0x3	286	0	0
o_proj	WRVEC	64	0x3	64	0	0
o_proj	MAC	64	0x3	287	0	0
o_proj	RD_MAC	0	0x1	32862	0	0
o_proj	RD_MAC	0	0x2	32863	0	0
o_proj	WRVEC	64	0x3	0	0	0
o_proj	MAC	64	0x3	288	0	0
o_proj	WRVEC	64	0x3	64	0	0
o_proj	MAC	64	0x3	289	0	0
o_proj	RD_MAC	0	0x1	32864	0	0
o_proj	RD_MAC	0	0x2	32865	0	0
o_proj	WRVEC	64	0x3	0	0	0
o_proj	MAC	64	0x3	290	0	0
o_proj	WRVEC	64	0x3	64	0	0
o_proj	MAC	64	0x3	291	0	0
o_proj	RD_MAC	0	0x1	32866	0	0
o_proj	RD_MAC	0	0x2	32867	0	0
o_proj	WRVEC	64	0x3	0	0	0
o_proj	MAC	64	0x3	292	0	0
o_proj	WRVEC	64	0x3	64	0	0
o_proj	MAC	64	0x3	293	0	0
o_proj	RD_MAC	0	0x1	32868	0	0
o_proj	RD_MAC	0	0x2	32869	0	0
o_proj	WRVEC	64	0x3	0	0	0
o_proj	MAC	64	0x3	294	0	0
o_proj	WRVEC	64	0x3	64	0	0
o_proj	MAC	64	0x3	295	0	0
o_proj	RD_MAC	0	0x1	32870	0	0
o_proj	RD_MAC	0	0x2	32871	0	0
o_proj	WRVEC	64	0x3	0	0	0
o_proj	MAC	64	0x3	296	0	0
o_proj	WRVEC	64	0x3	64	0	0
o_proj	MAC	64	0x3	297	0	0
o_proj	RD_MAC	0	0x1	32872	0	0
o_proj	RD_MAC	0	0x2	32873	0	0
o_proj	WRVEC	64	0x3	0	0	0
o_proj	MAC	64	0x3	298	0	0
o_proj	WRVEC	64	0x3	64	0	0
o_proj	MAC	64	0x3	299	0	0
o_proj	RD_MAC	0	0x1	32874	0	0
o_proj	RD_MAC	0	0x2	32875	0	0
o_proj	WRVEC	64	0x3	0	0	0
o_proj	MAC	64	0x3	300	0	0
o_proj	WRVEC	64	0x3	64	0	0
o_proj	MAC	64	0x3	301	0	0
o_proj	RD_MAC	0	0x1	32876	0	0
o_proj	RD_MAC	0	0x2	32877	0	0
o_proj	WRVEC	64	0x3	0	0	0
o_proj	MAC	64	0x3	302	0	0
o_proj	WRVEC	64	0x3	64	0	0
o_proj	MAC	64	0x3	303	0	0
o_proj	RD_MAC	0	0x1	32878	0	0
o_proj	RD_MAC	0	0x2	32879	0	0
o_proj	WRVEC	64	0x3	0	0	0
o_proj	MAC	64	0x3	304	0	0
o_proj	WRVEC	64	0x3	64	0	0
o_proj	MAC	64	0x3	305	0	0
o_proj	RD_MAC	0	0x1	32880	0	0
o_proj	RD_MAC	0	0x2	32881	0	0
o_proj	WRVEC	64	0x3	0	0	0
o_proj	MAC	64	0x3	306	0	0
o_proj	WRVEC	64	0x3	64	0	0
o_proj	MAC	64	0x3	307	0	0
o_proj	RD_MAC	0	0x1	32882	0	0
o_proj	RD_MAC	0	0x2	32883	0	0
o_proj	WRVEC	64	0x3	0	0	0
o_proj	MAC	64	0x3	308	0	0
o_proj	WRVEC	64	0x3	64	0	0
o_proj	MAC	64	0x3	309	0	0
o_proj	RD_MAC	0	0x1	32884	0	0
o_proj	RD_MAC	0	0x2	32885	0	0
o_proj	WRVEC	64	0x3	0	0	0
o_proj	MAC	64	0x3	310	0	0
o_proj	WRVEC	64	0x3	64	0	0
o_proj	MAC	64	0x3	311	0	0
o_proj	RD_MAC	0	0x1	32886	0	0
o_proj	RD_MAC	0	0x2	32887	0	0
o_proj	WRVEC	64	0x3	0	0	0
o_proj	MAC	64	0x3	312	0	0
o_proj	WRVEC	64	0x3	64	0	0
o_proj	MAC	64	0x3	313	0	0
o_proj	RD_MAC	0	0x1	32888	0	0
o_proj	RD_MAC	0	0x2	32889	0	0
o_proj	WRVEC	64	0x3	0	0	0
o_proj	MAC	64	0x3	314	0	0
o_proj	WRVEC	64	0x3	64	0	0
o_proj	MAC	64	0x3	315	0	0
o_proj	RD_MAC	0	0x1	32890	0	0
o_proj	RD_MAC	0	0x2	32891	0	0
o_proj	WRVEC	64	0x3	0	0	0
o_proj	MAC	64	0x3	316	0	0
o_proj	WRVEC	64	0x3	64	0	0
o_proj	MAC	64	0x3	317	0	0
o_proj	RD_MAC	0	0x1	32892	0	0
o_proj	RD_MAC	0	0x2	32893	0	0
o_proj	WRVEC	64	0x3	0	0	0
o_proj	MAC	64	0x3	318	0	0
o_proj	WRVEC	64	0x3	64	0	0
o_proj	MAC	64	0x3	319	0	0
o_proj	RD_MAC	0	0x1	32894	0	0
o_proj	RD_MAC	0	0x2	32895	0	0
gate_proj	WRVEC	64	0x3	0	0	0
gate_proj	MAC	64	0x3	320	0	0
gate_proj	WRVEC	64	0x3	64	0	0
gate_proj	MAC	64	0x3	321	0	0
gate_proj	RD_MAC	0	0x1	32768	0	0
gate_proj	RD_MAC	0	0x2	32769	0	0
gate_proj	WRVEC	64	0x3	0	0	0
gate_proj	MAC	64	0x3	322	0	0
gate_proj	WRVEC	64	0x3	64	0	0
gate_proj	MAC	64	0x3	323	0	0
gate_proj	RD_MAC	0	0x1	32770	0	0
gate_proj	RD_MAC	0	0x2	32771	0	0
gate_proj	WRVEC	64	0x3	0	0	0
gate_proj	MAC	64	0x3	324	0	0
gate_proj	WRVEC	64	0x3	64	0	0
gate_proj	MAC	64	0x3	325	0	0
gate_proj	RD_MAC	0	0x1	32772	0	0
gate_proj	RD_MAC	0	0x2	32773	0	0
gate_proj	WRVEC	64	0x3	0	0	0
gate_proj	MAC	64	0x3	326	0	0
gate_proj	WRVEC	64	0x3	64	0	0
gate_proj	MAC	64	0x3	327	0	0
gate_proj	RD_MAC	0	0x1	32774	0	0
gate_proj	RD_MAC	0	0x2	32775	0	0
gate_proj	WRVEC	64	0x3	0	0	0
gate_proj	MAC	64	0x3	328	0	0
gate_proj	WRVEC	64	0x3	64	0	0
gate_proj	MAC	64	0x3	329	0	0
gate_proj	RD_MAC	0	0x1	32776	0	0
gate_proj	RD_MAC	0	0x2	32777	0	0
gate_proj	WRVEC	64	0x3	0	0	0
gate_proj	MAC	64	0x3	330	0	0
gate_proj	WRVEC	64	0x3	64	0	0
gate_proj	MAC	64	0x3	331	0	0
gate_proj	RD_MAC	0	0x1	32778	0	0
gate_proj	RD_MAC	0	0x2	32779	0	0
gate_proj	WRVEC	64	0x3	0	0	0
gate_proj	MAC	64	0x3	332	0	0
gate_proj	WRVEC	64	0x3	64	0	0
gate_proj	MAC	64	0x3	333	0	0
gate_proj	RD_MAC	0	0x1	32780	0	0
gate_proj	RD_MAC	0	0x2	32781	0	0
gate_proj	WRVEC	64	0x3	0	0	0
gate_proj	MAC	64	0x3	334	0	0
gate_proj	WRVEC	64	0x3	64	0	0
gate_proj	MAC	64	0x3	335	0	0
gate_proj	RD_MAC	0	0x1	32782	0	0
gate_proj	RD_MAC	0	0x2	32783	0	0
gate_proj	WRVEC	64	0x3	0	0	0
gate_proj	MAC	64	0x3	336	0	0
gate_proj	WRVEC	64	0x3	64	0	0
gate_proj	MAC	64	0x3	337	0	0
gate_proj	RD_MAC	0	0x1	32784	0	0
gate_proj	RD_MAC	0	0x2	32785	0	0
gate_proj	WRVEC	64	0x3	0	0	0
gate_proj	MAC	64	0x3	338	0	0
gate_proj	WRVEC	64	0x3	64	0	0
gate_proj	MAC	64	0x3	339	0	0
gate_proj	RD_MAC	0	0x1	32786	0	0
gate_proj	RD_MAC	0	0x2	32787	0	0
gate_proj	WRVEC	64	0x3	0	0	0
gate_proj	MAC	64	0x3	340	0	0
gate_proj	WRVEC	64	0x3	64	0	0
gate_proj	MAC	64	0x3	341	0	0
gate_proj	RD_MAC	0	0x1	32788	0	0
gate_proj	RD_MAC	0	0x2	32789	0	0
gate_proj	WRVEC	64	0x3	0	0	0
gate_proj	MAC	64	0x3	342	0	0
gate_proj	WRVEC	64	0x3	64	0	0
gate_proj	MAC	64	0x3	343	0	0
gate_proj	RD_MAC	0	0x1	32790	0	0
gate_proj	RD_MAC	0	0x2	32791	0	0
gate_proj	WRVEC	64	0x3	0	0	0
gate_proj	MAC	64	0x3	344	0	0
gate_proj	WRVEC	64	0x3	64	0	0
gate_proj	MAC	64	0x3	345	0	0
gate_proj	RD_MAC	0	0x1	32792	0	0
gate_proj	RD_MAC	0	0x2	32793	0	0
gate_proj	WRVEC	64	0x3	0	0	0
gate_proj	MAC	64	0x3	346	0	0
gate_proj	WRVEC	64	0x3	64	0	0
gate_proj	MAC	64	0x3	347	0	0
gate_proj	RD_MAC	0	0x1	32794	0	0
gate_proj	RD_MAC	0	0x2	32795	0	0
gate_proj	WRVEC	64	0x3	0	0	0
gate_proj	MAC	64	0x3	348	0	0
gate_proj	WRVEC	64	0x3	64	0	0
gate_proj	MAC	64	0x3	349	0	0
gate_proj	RD_MAC	0	0x1	32796	0	0
gate_proj	RD_MAC	0	0x2	32797	0	0
gate_proj	WRVEC	64	0x3	0	0	0
gate_proj	MAC	64	0x3	350	0	0
gate_proj	WRVEC	64	0x3	64	0	0
gate_proj	MAC	64	0x3	351	0	0
gate_proj	RD_MAC	0	0x1	32798	0	0
gate_proj	RD_MAC	0	0x2	32799	0	0
gate_proj	WRVEC	64	0x3	0	0	0
gate_proj	MAC	64	0x3	352	0	0
gate_proj	WRVEC	64	0x3	64	0	0
gate_proj	MAC	64	0x3	353	0	0
gate_proj	RD_MAC	0	0x1	32800	0	0
gate_proj	RD_MAC	0	0x2	32801	0	0
gate_proj	WRVEC	64	0x3	0	0	0
gate_proj	MAC	64	0x3	354	0	0
gate_proj	WRVEC	64	0x3	64	0	0
gate_proj	MAC	64	0x3	355	0	0
gate_proj	RD_MAC	0	0x1	32802	0	0
gate_proj	RD_MAC	0	0x2	32803	0	0
gate_proj	WRVEC	64	0x3	0	0	0
gate_proj	MAC	64	0x3	356	0	0
gate_proj	WRVEC	64	0x3	64	0	0
gate_proj	MAC	64	0x3	357	0	0
gate_proj	RD_MAC	0	0x1	32804	0	0
gate_proj	RD_MAC	0	0x2	32805	0	0
gate_proj	WRVEC	64	0x3	0	0	0
gate_proj	MAC	64	0x3	358	0	0
gate_proj	WRVEC	64	0x3	64	0	0
gate_proj	MAC	64	0x3	359	0	0
gate_proj	RD_MAC	0	0x1	32806	0	0
gate_proj	RD_MAC	0	0x2	32807	0	0
gate_proj	WRVEC	64	0x3	0	0	0
gate_proj	MAC	64	0x3	360	0	0
gate_proj	WRVEC	64	0x3	64	0	0
gate_proj	MAC	64	0x3	361	0	0
gate_proj	RD_MAC	0	0x1	32808	0	0
gate_proj	RD_MAC	0	0x2	32809	0	0
gate_proj	WRVEC	64	0x3	0	0	0
gate_proj	MAC	64	0x3	362	0	0
gate_proj	WRVEC	64	0x3	64	0	0
gate_proj	MAC	64	0x3	363	0	0
gate_proj	RD_MAC	0	0x1	32810	0	0
gate_proj	RD_MAC	0	0x2	32811	0	0
gate_proj	WRVEC	64	0x3	0	0	0
gate_proj	MAC	64	0x3	364	0	0
gate_proj	WRVEC	64	0x3	64	0	0
gate_proj	MAC	64	0x3	365	0	0
gate_proj	RD_MAC	0	0x1	32812	0	0
gate_proj	RD_MAC	0	0x2	32813	0	0
gate_proj	WRVEC	64	0x3	0	0	0
gate_proj	MAC	64	0x3	366	0	0
gate_proj	WRVEC	64	0x3	64	0	0
gate_proj	MAC	64	0x3	367	0	0
gate_proj	RD_MAC	0	0x1	32814	0	0
gate_proj	RD_MAC	0	0x2	32815	0	0
gate_proj	WRVEC	64	0x3	0	0	0
gate_proj	MAC	64	0x3	368	0	0
gate_proj	WRVEC	64	0x3	64	0	0
gate_proj	MAC	64	0x3	369	0	0
gate_proj	RD_MAC	0	0x1	32816	0	0
gate_proj	RD_MAC	0	0x2	32817	0	0
gate_proj	WRVEC	64	0x3	0	0	0
gate_proj	MAC	64	0x3	370	0	0
gate_proj	WRVEC	64	0x3	64	0	0
gate_proj	MAC	64	0x3	371	0	0
gate_proj	RD_MAC	0	0x1	32818	0	0
gate_proj	RD_MAC	0	0x2	32819	0	0
gate_proj	WRVEC	64	0x3	0	0	0
gate_proj	MAC	64	0x3	372	0	0
gate_proj	WRVEC	64	0x3	64	0	0
gate_proj	MAC	64	0x3	373	0	0
gate_proj	RD_MAC	0	0x1	32820	0	0
gate_proj	RD_MAC	0	0x2	32821	0	0
gate_proj	WRVEC	64	0x3	0	0	0
gate_proj	MAC	64	0x3	374	0	0
gate_proj	WRVEC	64	0x3	64	0	0
gate_proj	MAC	64	0x3	375	0	0
gate_proj	RD_MAC	0	0x1	32822	0	0
gate_proj	RD_MAC	0	0x2	32823	0	0
gate_proj	WRVEC	64	0x3	0	0	0
gate_proj	MAC	64	0x3	376	0	0
gate_proj	WRVEC	64	0x3	64	0	0
gate_proj	MAC	64	0x3	377	0	0
gate_proj	RD_MAC	0	0x1	32824	0	0
gate_proj	RD_MAC	0	0x2	32825	0	0
gate_proj	WRVEC	64	0x3	0	0	0
gate_proj	MAC	64	0x3	378	0	0
gate_proj	WRVEC	64	0x3	64	0	0
gate_proj	MAC	64	0x3	379	0	0
gate_proj	RD_MAC	0	0x1	32826	0	0
gate_proj	RD_MAC	0	0x2	32827	0	0
gate_proj	WRVEC	64	0x3	0	0	0
gate_proj	MAC	64	0x3	380	0	0
gate_proj	WRVEC	64	0x3	64	0	0
gate_proj	MAC	64	0x3	381	0	0
gate_proj	RD_MAC	0	0x1	32828	0	0
gate_proj	RD_MAC	0	0x2	32829	0	0
gate_proj	WRVEC	64	0x3	0	0	0
gate_proj	MAC	64	0x3	382	0	0
gate_proj	WRVEC	64	0x3	64	0	0
gate_proj	MAC	64	0x3	383	0	0
gate_proj	RD_MAC	0	0x1	32830	0	0
gate_proj	RD_MAC	0	0x2	32831	0	0
gate_proj	WRVEC	64	0x3	0	0	0
gate_proj	MAC	64	0x3	384	0	0
gate_proj	WRVEC	64	0x3	64	0	0
gate_proj	MAC	64	0x3	385	0	0
gate_proj	RD_MAC	0	0x1	32832	0	0
gate_proj	RD_MAC	0	0x2	32833	0	0
gate_proj	WRVEC	64	0x3	0	0	0
gate_proj	MAC	64	0x3	386	0	0
gate_proj	WRVEC	64	0x3	64	0	0
gate_proj	MAC	64	0x3	387	0	0
gate_proj	RD_MAC	0	0x1	32834	0	0
gate_proj	RD_MAC	0	0x2	32835	0	0
gate_proj	WRVEC	64	0x3	0	0	0
gate_proj	MAC	64	0x3	388	0	0
gate_proj	WRVEC	64	0x3	64	0	0
gate_proj	MAC	64	0x3	389	0	0
gate_proj	RD_MAC	0	0x1	32836	0	0
gate_proj	RD_MAC	0	0x2	32837	0	0
gate_proj	WRVEC	64	0x3	0	0	0
gate_proj	MAC	64	0x3	390	0	0
gate_proj	WRVEC	64	0x3	64	0	0
gate_proj	MAC	64	0x3	391	0	0
gate_proj	RD_MAC	0	0x1	32838	0	0
gate_proj	RD_MAC	0	0x2	32839	0	0
gate_proj	WRVEC	64	0x3	0	0	0
gate_proj	MAC	64	0x3	392	0	0
gate_proj	WRVEC	64	0x3	64	0	0
gate_proj	MAC	64	0x3	393	0	0
gate_proj	RD_MAC	0	0x1	32840	0	0
gate_proj	RD_MAC	0	0x2	32841	0	0
gate_proj	WRVEC	64	0x3	0	0	0
gate_proj	MAC	64	0x3	394	0	0
gate_proj	WRVEC	64	0x3	64	0	0
gate_proj	MAC	64	0x3	395	0	0
gate_proj	RD_MAC	0	0x1	32842	0	0
gate_proj	RD_MAC	0	0x2	32843	0	0
gate_proj	WRVEC	64	0x3	0	0	0
gate_proj	MAC	64	0x3	396	0	0
gate_proj	WRVEC	64	0x3	64	0	0
gate_proj	MAC	64	0x3	397	0	0
gate_proj	RD_MAC	0	0x1	32844	0	0
gate_proj	RD_MAC	0	0x2	32845	0	0
gate_proj	WRVEC	64	0x3	0	0	0
gate_proj	MAC	64	0x3	398	0	0
gate_proj	WRVEC	64	0x3	64	0	0
gate_proj	MAC	64	0x3	399	0	0
gate_proj	RD_MAC	0	0x1	32846	0	0
gate_proj	RD_MAC	0	0x2	32847	0	0
gate_proj	WRVEC	64	0x3	0	0	0
gate_proj	MAC	64	0x3	400	0	0
gate_proj	WRVEC	64	0x3	64	0	0
gate_proj	MAC	64	0x3	401	0	0
gate_proj	RD_MAC	0	0x1	32848	0	0
gate_proj	RD_MAC	0	0x2	32849	0	0
gate_proj	WRVEC	64	0x3	0	0	0
gate_proj	MAC	64	0x3	402	0	0
gate_proj	WRVEC	64	0x3	64	0	0
gate_proj	MAC	64	0x3	403	0	0
gate_proj	RD_MAC	0	0x1	32850	0	0
gate_proj	RD_MAC	0	0x2	32851	0	0
gate_proj	WRVEC	64	0x3	0	0	0
gate_proj	MAC	64	0x3	404	0	0
gate_proj	WRVEC	64	0x3	64	0	0
gate_proj	MAC	64	0x3	405	0	0
gate_proj	RD_MAC	0	0x1	32852	0	0
gate_proj	RD_MAC	0	0x2	32853	0	0
gate_proj	WRVEC	64	0x3	0	0	0
gate_proj	MAC	64	0x3	406	0	0
gate_proj	WRVEC	64	0x3	64	0	0
gate_proj	MAC	64	0x3	407	0	0
gate_proj	RD_MAC	0	0x1	32854	0	0
gate_proj	RD_MAC	0	0x2	32855	0	0
gate_proj	WRVEC	64	0x3	0	0	0
gate_proj	MAC	64	0x3	408	0	0
gate_proj	WRVEC	64	0x3	64	0	0
gate_proj	MAC	64	0x3	409	0	0
gate_proj	RD_MAC	0	0x1	32856	0	0
gate_proj	RD_MAC	0	0x2	32857	0	0
gate_proj	WRVEC	64	0x3	0	0	0
gate_proj	MAC	64	0x3	410	0	0
gate_proj	WRVEC	64	0x3	64	0	0
gate_proj	MAC	64	0x3	411	0	0
gate_proj	RD_MAC	0	0x1	32858	0	0
gate_proj	RD_MAC	0	0x2	32859	0	0
gate_proj	WRVEC	64	0x3	0	0	0
gate_proj	MAC	64	0x3	412	0	0
gate_proj	WRVEC	64	0x3	64	0	0
gate_proj	MAC	64	0x3	413	0	0
gate_proj	RD_MAC	0	0x1	32860	0	0
gate_proj	RD_MAC	0	0x2	32861	0	0
gate_proj	WRVEC	64	0x3	0	0	0
gate_proj	MAC	64	0x3	414	0	0
gate_proj	WRVEC	64	0x3	64	0	0
gate_proj	MAC	64	0x3	415	0	0
gate_proj	RD_MAC	0	0x1	32862	0	0
gate_proj	RD_MAC	0	0x2	32863	0	0
gate_proj	WRVEC	64	0x3	0	0	0
gate_proj	MAC	64	0x3	416	0	0
gate_proj	WRVEC	64	0x3	64	0	0
gate_proj	MAC	64	0x3	417	0	0
gate_proj	RD_MAC	0	0x1	32864	0	0
gate_proj	RD_MAC	0	0x2	32865	0	0
gate_proj	WRVEC	64	0x3	0	0	0
gate_proj	MAC	64	0x3	418	0	0
gate_proj	WRVEC	64	0x3	64	0	0
gate_proj	MAC	64	0x3	419	0	0
gate_proj	RD_MAC	0	0x1	32866	0	0
gate_proj	RD_MAC	0	0x2	32867	0	0
gate_proj	WRVEC	64	0x3	0	0	0
gate_proj	MAC	64	0x3	420	0	0
gate_proj	WRVEC	64	0x3	64	0	0
gate_proj	MAC	64	0x3	421	0	0
gate_proj	RD_MAC	0	0x1	32868	0	0
gate_proj	RD_MAC	0	0x2	32869	0	0
gate_proj	WRVEC	64	0x3	0	0	0
gate_proj	MAC	64	0x3	422	0	0
gate_proj	WRVEC	64	0x3	64	0	0
gate_proj	MAC	64	0x3	423	0	0
gate_proj	RD_MAC	0	0x1	32870	0	0
gate_proj	RD_MAC	0	0x2	32871	0	0
gate_proj	WRVEC	64	0x3	0	0	0
gate_proj	MAC	64	0x3	424	0	0
gate_proj	WRVEC	64	0x3	64	0	0
gate_proj	MAC	64	0x3	425	0	0
gate_proj	RD_MAC	0	0x1	32872	0	0
gate_proj	RD_MAC	0	0x2	32873	0	0
gate_proj	WRVEC	64	0x3	0	0	0
gate_proj	MAC	64	0x3	426	0	0
gate_proj	WRVEC	64	0x3	64	0	0
gate_proj	MAC	64	0x3	427	0	0
gate_proj	RD_MAC	0	0x1	32874	0	0
gate_proj	RD_MAC	0	0x2	32875	0	0
gate_proj	WRVEC	64	0x3	0	0	0
gate_proj	MAC	64	0x3	428	0	0
gate_proj	WRVEC	64	0x3	64	0	0
gate_proj	MAC	64	0x3	429	0	0
gate_proj	RD_MAC	0	0x1	32876	0	0
gate_proj	RD_MAC	0	0x2	32877	0	0
gate_proj	WRVEC	64	0x3	0	0	0
gate_proj	MAC	64	0x3	430	0	0
gate_proj	WRVEC	64	0x3	64	0	0
gate_proj	MAC	64	0x3	431	0	0
gate_proj	RD_MAC	0	0x1	32878	0	0
gate_proj	RD_MAC	0	0x2	32879	0	0
gate_proj	WRVEC	64	0x3	0	0	0
gate_proj	MAC	64	0x3	432	0	0
gate_proj	WRVEC	64	0x3	64	0	0
gate_proj	MAC	64	0x3	433	0	0
gate_proj	RD_MAC	0	0x1	32880	0	0
gate_proj	RD_MAC	0	0x2	32881	0	0
gate_proj	WRVEC	64	0x3	0	0	0
gate_proj	MAC	64	0x3	434	0	0
gate_proj	WRVEC	64	0x3	64	0	0
gate_proj	MAC	64	0x3	435	0	0
gate_proj	RD_MAC	0	0x1	32882	0	0
gate_proj	RD_MAC	0	0x2	32883	0	0
gate_proj	WRVEC	64	0x3	0	0	0
gate_proj	MAC	64	0x3	436	0	0
gate_proj	WRVEC	64	0x3	64	0	0
gate_proj	MAC	64	0x3	437	0	0
gate_proj	RD_MAC	0	0x1	32884	0	0
gate_proj	RD_MAC	0	0x2	32885	0	0
gate_proj	WRVEC	64	0x3	0	0	0
gate_proj	MAC	64	0x3	438	0	0
gate_proj	WRVEC	64	0x3	64	0	0
gate_proj	MAC	64	0x3	439	0	0
gate_proj	RD_MAC	0	0x1	32886	0	0
gate_proj	RD_MAC	0	0x2	32887	0	0
gate_proj	WRVEC	64	0x3	0	0	0
gate_proj	MAC	64	0x3	440	0	0
gate_proj	WRVEC	64	0x3	64	0	0
gate_proj	MAC	64	0x3	441	0	0
gate_proj	RD_MAC	0	0x1	32888	0	0
gate_proj	RD_MAC	0	0x2	32889	0	0
gate_proj	WRVEC	64	0x3	0	0	0
gate_proj	MAC	64	0x3	442	0	0
gate_proj	WRVEC	64	0x3	64	0	0
gate_proj	MAC	64	0x3	443	0	0
gate_proj	RD_MAC	0	0x1	32890	0	0
gate_proj	RD_MAC	0	0x2	32891	0	0
gate_proj	WRVEC	64	0x3	0	0	0
gate_proj	MAC	64	0x3	444	0	0
gate_proj	WRVEC	64	0x3	64	0	0
gate_proj	MAC	64	0x3	445	0	0
gate_proj	RD_MAC	0	0x1	32892	0	0
gate_proj	RD_MAC	0	0x2	32893	0	0
gate_proj	WRVEC	64	0x3	0	0	0
gate_proj	MAC	64	0x3	446	0	0
gate_proj	WRVEC	64	0x3	64	0	0
gate_proj	MAC	64	0x3	447	0	0
gate_proj	RD_MAC	0	0x1	32894	0	0
gate_proj	RD_MAC	0	0x2	32895	0	0
gate_proj	WRVEC	64	0x3	0	0	0
gate_proj	MAC	64	0x3	448	0	0
gate_proj	WRVEC	64	0x3	64	0	0
gate_proj	MAC	64	0x3	449	0	0
gate_proj	RD_MAC	0	0x1	32896	0	0
gate_proj	RD_MAC	0	0x2	32897	0	0
gate_proj	WRVEC	64	0x3	0	0	0
gate_proj	MAC	64	0x3	450	0	0
gate_proj	WRVEC	64	0x3	64	0	0
gate_proj	MAC	64	0x3	451	0	0
gate_proj	RD_MAC	0	0x1	32898	0	0
gate_proj	RD_MAC	0	0x2	32899	0	0
gate_proj	WRVEC	64	0x3	0	0	0
gate_proj	MAC	64	0x3	452	0	0
gate_proj	WRVEC	64	0x3	64	0	0
gate_proj	MAC	64	0x3	453	0	0
gate_proj	RD_MAC	0	0x1	32900	0	0
gate_proj	RD_MAC	0	0x2	32901	0	0
gate_proj	WRVEC	64	0x3	0	0	0
gate_proj	MAC	64	0x3	454	0	0
gate_proj	WRVEC	64	0x3	64	0	0
gate_proj	MAC	64	0x3	455	0	0
gate_proj	RD_MAC	0	0x1	32902	0	0
gate_proj	RD_MAC	0	0x2	32903	0	0
gate_proj	WRVEC	64	0x3	0	0	0
gate_proj	MAC	64	0x3	456	0	0
gate_proj	WRVEC	64	0x3	64	0	0
gate_proj	MAC	64	0x3	457	0	0
gate_proj	RD_MAC	0	0x1	32904	0	0
gate_proj	RD_MAC	0	0x2	32905	0	0
gate_proj	WRVEC	64	0x3	0	0	0
gate_proj	MAC	64	0x3	458	0	0
gate_proj	WRVEC	64	0x3	64	0	0
gate_proj	MAC	64	0x3	459	0	0
gate_proj	RD_MAC	0	0x1	32906	0	0
gate_proj	RD_MAC	0	0x2	32907	0	0
gate_proj	WRVEC	64	0x3	0	0	0
gate_proj	MAC	64	0x3	460	0	0
gate_proj	WRVEC	64	0x3	64	0	0
gate_proj	MAC	64	0x3	461	0	0
gate_proj	RD_MAC	0	0x1	32908	0	0
gate_proj	RD_MAC	0	0x2	32909	0	0
gate_proj	WRVEC	64	0x3	0	0	0
gate_proj	MAC	64	0x3	462	0	0
gate_proj	WRVEC	64	0x3	64	0	0
gate_proj	MAC	64	0x3	463	0	0
gate_proj	RD_MAC	0	0x1	32910	0	0
gate_proj	RD_MAC	0	0x2	32911	0	0
gate_proj	WRVEC	64	0x3	0	0	0
gate_proj	MAC	64	0x3	464	0	0
gate_proj	WRVEC	64	0x3	64	0	0
gate_proj	MAC	64	0x3	465	0	0
gate_proj	RD_MAC	0	0x1	32912	0	0
gate_proj	RD_MAC	0	0x2	32913	0	0
gate_proj	WRVEC	64	0x3	0	0	0
gate_proj	MAC	64	0x3	466	0	0
gate_proj	WRVEC	64	0x3	64	0	0
gate_proj	MAC	64	0x3	467	0	0
gate_proj	RD_MAC	0	0x1	32914	0	0
gate_proj	RD_MAC	0	0x2	32915	0	0
gate_proj	WRVEC	64	0x3	0	0	0
gate_proj	MAC	64	0x3	468	0	0
gate_proj	WRVEC	64	0x3	64	0	0
gate_proj	MAC	64	0x3	469	0	0
gate_proj	RD_MAC	0	0x1	32916	0	0
gate_proj	RD_MAC	0	0x2	32917	0	0
gate_proj	WRVEC	64	0x3	0	0	0
gate_proj	MAC	64	0x3	470	0	0
gate_proj	WRVEC	64	0x3	64	0	0
gate_proj	MAC	64	0x3	471	0	0
gate_proj	RD_MAC	0	0x1	32918	0	0
gate_proj	RD_MAC	0	0x2	32919	0	0
gate_proj	WRVEC	64	0x3	0	0	0
gate_proj	MAC	64	0x3	472	0	0
gate_proj	WRVEC	64	0x3	64	0	0
gate_proj	MAC	64	0x3	473	0	0
gate_proj	RD_MAC	0	0x1	32920	0	0
gate_proj	RD_MAC	0	0x2	32921	0	0
gate_proj	WRVEC	64	0x3	0	0	0
gate_proj	MAC	64	0x3	474	0	0
gate_proj	WRVEC	64	0x3	64	0	0
gate_proj	MAC	64	0x3	475	0	0
gate_proj	RD_MAC	0	0x1	32922	0	0
gate_proj	RD_MAC	0	0x2	32923	0	0
gate_proj	WRVEC	64	0x3	0	0	0
gate_proj	MAC	64	0x3	476	0	0
gate_proj	WRVEC	64	0x3	64	0	0
gate_proj	MAC	64	0x3	477	0	0
gate_proj	RD_MAC	0	0x1	32924	0	0
gate_proj	RD_MAC	0	0x2	32925	0	0
gate_proj	WRVEC	64	0x3	0	0	0
gate_proj	MAC	64	0x3	478	0	0
gate_proj	WRVEC	64	0x3	64	0	0
gate_proj	MAC	64	0x3	479	0	0
gate_proj	RD_MAC	0	0x1	32926	0	0
gate_proj	RD_MAC	0	0x2	32927	0	0
gate_proj	WRVEC	64	0x3	0	0	0
gate_proj	MAC	64	0x3	480	0	0
gate_proj	WRVEC	64	0x3	64	0	0
gate_proj	MAC	64	0x3	481	0	0
gate_proj	RD_MAC	0	0x1	32928	0	0
gate_proj	RD_MAC	0	0x2	32929	0	0
gate_proj	WRVEC	64	0x3	0	0	0
gate_proj	MAC	64	0x3	482	0	0
gate_proj	WRVEC	64	0x3	64	0	0
gate_proj	MAC	64	0x3	483	0	0
gate_proj	RD_MAC	0	0x1	32930	0	0
gate_proj	RD_MAC	0	0x2	32931	0	0
gate_proj	WRVEC	64	0x3	0	0	0
gate_proj	MAC	64	0x3	484	0	0
gate_proj	WRVEC	64	0x3	64	0	0
gate_proj	MAC	64	0x3	485	0	0
gate_proj	RD_MAC	0	0x1	32932	0	0
gate_proj	RD_MAC	0	0x2	32933	0	0
gate_proj	WRVEC	64	0x3	0	0	0
gate_proj	MAC	64	0x3	486	0	0
gate_proj	WRVEC	64	0x3	64	0	0
gate_proj	MAC	64	0x3	487	0	0
gate_proj	RD_MAC	0	0x1	32934	0	0
gate_proj	RD_MAC	0	0x2	32935	0	0
gate_proj	WRVEC	64	0x3	0	0	0
gate_proj	MAC	64	0x3	488	0	0
gate_proj	WRVEC	64	0x3	64	0	0
gate_proj	MAC	64	0x3	489	0	0
gate_proj	RD_MAC	0	0x1	32936	0	0
gate_proj	RD_MAC	0	0x2	32937	0	0
gate_proj	WRVEC	64	0x3	0	0	0
gate_proj	MAC	64	0x3	490	0	0
gate_proj	WRVEC	64	0x3	64	0	0
gate_proj	MAC	64	0x3	491	0	0
gate_proj	RD_MAC	0	0x1	32938	0	0
gate_proj	RD_MAC	0	0x2	32939	0	0
gate_proj	WRVEC	64	0x3	0	0	0
gate_proj	MAC	64	0x3	492	0	0
gate_proj	WRVEC	64	0x3	64	0	0
gate_proj	MAC	64	0x3	493	0	0
gate_proj	RD_MAC	0	0x1	32940	0	0
gate_proj	RD_MAC	0	0x2	32941	0	0
gate_proj	WRVEC	64	0x3	0	0	0
gate_proj	MAC	64	0x3	494	0	0
gate_proj	WRVEC	64	0x3	64	0	0
gate_proj	MAC	64	0x3	495	0	0
gate_proj	RD_MAC	0	0x1	32942	0	0
gate_proj	RD_MAC	0	0x2	32943	0	0
gate_proj	WRVEC	64	0x3	0	0	0
gate_proj	MAC	64	0x3	496	0	0
gate_proj	WRVEC	64	0x3	64	0	0
gate_proj	MAC	64	0x3	497	0	0
gate_proj	RD_MAC	0	0x1	32944	0	0
gate_proj	RD_MAC	0	0x2	32945	0	0
gate_proj	WRVEC	64	0x3	0	0	0
gate_proj	MAC	64	0x3	498	0	0
gate_proj	WRVEC	64	0x3	64	0	0
gate_proj	MAC	64	0x3	499	0	0
gate_proj	RD_MAC	0	0x1	32946	0	0
gate_proj	RD_MAC	0	0x2	32947	0	0
gate_proj	WRVEC	64	0x3	0	0	0
gate_proj	MAC	64	0x3	500	0	0
gate_proj	WRVEC	64	0x3	64	0	0
gate_proj	MAC	64	0x3	501	0	0
gate_proj	RD_MAC	0	0x1	32948	0	0
gate_proj	RD_MAC	0	0x2	32949	0	0
gate_proj	WRVEC	64	0x3	0	0	0
gate_proj	MAC	64	0x3	502	0	0
gate_proj	WRVEC	64	0x3	64	0	0
gate_proj	MAC	64	0x3	503	0	0
gate_proj	RD_MAC	0	0x1	32950	0	0
gate_proj	RD_MAC	0	0x2	32951	0	0
gate_proj	WRVEC	64	0x3	0	0	0
gate_proj	MAC	64	0x3	504	0	0
gate_proj	WRVEC	64	0x3	64	0	0
gate_proj	MAC	64	0x3	505	0	0
gate_proj	RD_MAC	0	0x1	32952	0	0
gate_proj	RD_MAC	0	0x2	32953	0	0
gate_proj	WRVEC	64	0x3	0	0	0
gate_proj	MAC	64	0x3	506	0	0
gate_proj	WRVEC	64	0x3	64	0	0
gate_proj	MAC	64	0x3	507	0	0
gate_proj	RD_MAC	0	0x1	32954	0	0
gate_proj	RD_MAC	0	0x2	32955	0	0
gate_proj	WRVEC	64	0x3	0	0	0
gate_proj	MAC	64	0x3	508	0	0
gate_proj	WRVEC	64	0x3	64	0	0
gate_proj	MAC	64	0x3	509	0	0
gate_proj	RD_MAC	0	0x1	32956	0	0
gate_proj	RD_MAC	0	0x2	32957	0	0
gate_proj	WRVEC	64	0x3	0	0	0
gate_proj	MAC	64	0x3	510	0	0
gate_proj	WRVEC	64	0x3	64	0	0
gate_proj	MAC	64	0x3	511	0	0
gate_proj	RD_MAC	0	0x1	32958	0	0
gate_proj	RD_MAC	0	0x2	32959	0	0
gate_proj	WRVEC	64	0x3	0	0	0
gate_proj	MAC	64	0x3	512	0	0
gate_proj	WRVEC	64	0x3	64	0	0
gate_proj	MAC	64	0x3	513	0	0
gate_proj	RD_MAC	0	0x1	32960	0	0
gate_proj	RD_MAC	0	0x2	32961	0	0
gate_proj	WRVEC	64	0x3	0	0	0
gate_proj	MAC	64	0x3	514	0	0
gate_proj	WRVEC	64	0x3	64	0	0
gate_proj	MAC	64	0x3	515	0	0
gate_proj	RD_MAC	0	0x1	32962	0	0
gate_proj	RD_MAC	0	0x2	32963	0	0
gate_proj	WRVEC	64	0x3	0	0	0
gate_proj	MAC	64	0x3	516	0	0
gate_proj	WRVEC	64	0x3	64	0	0
gate_proj	MAC	64	0x3	517	0	0
gate_proj	RD_MAC	0	0x1	32964	0	0
gate_proj	RD_MAC	0	0x2	32965	0	0
gate_proj	WRVEC	64	0x3	0	0	0
gate_proj	MAC	64	0x3	518	0	0
gate_proj	WRVEC	64	0x3	64	0	0
gate_proj	MAC	64	0x3	519	0	0
gate_proj	RD_MAC	0	0x1	32966	0	0
gate_proj	RD_MAC	0	0x2	32967	0	0
gate_proj	WRVEC	64	0x3	0	0	0
gate_proj	MAC	64	0x3	520	0	0
gate_proj	WRVEC	64	0x3	64	0	0
gate_proj	MAC	64	0x3	521	0	0
gate_proj	RD_MAC	0	0x1	32968	0	0
gate_proj	RD_MAC	0	0x2	32969	0	0
gate_proj	WRVEC	64	0x3	0	0	0
gate_proj	MAC	64	0x3	522	0	0
gate_proj	WRVEC	64	0x3	64	0	0
gate_proj	MAC	64	0x3	523	0	0
gate_proj	RD_MAC	0	0x1	32970	0	0
gate_proj	RD_MAC	0	0x2	32971	0	0
gate_proj	WRVEC	64	0x3	0	0	0
gate_proj	MAC	64	0x3	524	0	0
gate_proj	WRVEC	64	0x3	64	0	0
gate_proj	MAC	64	0x3	525	0	0
gate_proj	RD_MAC	0	0x1	32972	0	0
gate_proj	RD_MAC	0	0x2	32973	0	0
gate_proj	WRVEC	64	0x3	0	0	0
gate_proj	MAC	64	0x3	526	0	0
gate_proj	WRVEC	64	0x3	64	0	0
gate_proj	MAC	64	0x3	527	0	0
gate_proj	RD_MAC	0	0x1	32974	0	0
gate_proj	RD_MAC	0	0x2	32975	0	0
gate_proj	WRVEC	64	0x3	0	0	0
gate_proj	MAC	64	0x3	528	0	0
gate_proj	WRVEC	64	0x3	64	0	0
gate_proj	MAC	64	0x3	529	0	0
gate_proj	RD_MAC	0	0x1	32976	0	0
gate_proj	RD_MAC	0	0x2	32977	0	0
gate_proj	WRVEC	64	0x3	0	0	0
gate_proj	MAC	64	0x3	530	0	0
gate_proj	WRVEC	64	0x3	64	0	0
gate_proj	MAC	64	0x3	531	0	0
gate_proj	RD_MAC	0	0x1	32978	0	0
gate_proj	RD_MAC	0	0x2	32979	0	0
gate_proj	WRVEC	64	0x3	0	0	0
gate_proj	MAC	64	0x3	532	0	0
gate_proj	WRVEC	64	0x3	64	0	0
gate_proj	MAC	64	0x3	533	0	0
gate_proj	RD_MAC	0	0x1	32980	0	0
gate_proj	RD_MAC	0	0x2	32981	0	0
gate_proj	WRVEC	64	0x3	0	0	0
gate_proj	MAC	64	0x3	534	0	0
gate_proj	WRVEC	64	0x3	64	0	0
gate_proj	MAC	64	0x3	535	0	0
gate_proj	RD_MAC	0	0x1	32982	0	0
gate_proj	RD_MAC	0	0x2	32983	0	0
gate_proj	WRVEC	64	0x3	0	0	0
gate_proj	MAC	64	0x3	536	0	0
gate_proj	WRVEC	64	0x3	64	0	0
gate_proj	MAC	64	0x3	537	0	0
gate_proj	RD_MAC	0	0x1	32984	0	0
gate_proj	RD_MAC	0	0x2	32985	0	0
gate_proj	WRVEC	64	0x3	0	0	0
gate_proj	MAC	64	0x3	538	0	0
gate_proj	WRVEC	64	0x3	64	0	0
gate_proj	MAC	64	0x3	539	0	0
gate_proj	RD_MAC	0	0x1	32986	0	0
gate_proj	RD_MAC	0	0x2	32987	0	0
gate_proj	WRVEC	64	0x3	0	0	0
gate_proj	MAC	64	0x3	540	0	0
gate_proj	WRVEC	64	0x3	64	0	0
gate_proj	MAC	64	0x3	541	0	0
gate_proj	RD_MAC	0	0x1	32988	0	0
gate_proj	RD_MAC	0	0x2	32989	0	0
gate_proj	WRVEC	64	0x3	0	0	0
gate_proj	MAC	64	0x3	542	0	0
gate_proj	WRVEC	64	0x3	64	0	0
gate_proj	MAC	64	0x3	543	0	0
gate_proj	RD_MAC	0	0x1	32990	0	0
gate_proj	RD_MAC	0	0x2	32991	0	0
gate_proj	WRVEC	64	0x3	0	0	0
gate_proj	MAC	64	0x3	544	0	0
gate_proj	WRVEC	64	0x3	64	0	0
gate_proj	MAC	64	0x3	545	0	0
gate_proj	RD_MAC	0	0x1	32992	0	0
gate_proj	RD_MAC	0	0x2	32993	0	0
gate_proj	WRVEC	64	0x3	0	0	0
gate_proj	MAC	64	0x3	546	0	0
gate_proj	WRVEC	64	0x3	64	0	0
gate_proj	MAC	64	0x3	547	0	0
gate_proj	RD_MAC	0	0x1	32994	0	0
gate_proj	RD_MAC	0	0x2	32995	0	0
gate_proj	WRVEC	64	0x3	0	0	0
gate_proj	MAC	64	0x3	548	0	0
gate_proj	WRVEC	64	0x3	64	0	0
gate_proj	MAC	64	0x3	549	0	0
gate_proj	RD_MAC	0	0x1	32996	0	0
gate_proj	RD_MAC	0	0x2	32997	0	0
gate_proj	WRVEC	64	0x3	0	0	0
gate_proj	MAC	64	0x3	550	0	0
gate_proj	WRVEC	64	0x3	64	0	0
gate_proj	MAC	64	0x3	551	0	0
gate_proj	RD_MAC	0	0x1	32998	0	0
gate_proj	RD_MAC	0	0x2	32999	0	0
gate_proj	WRVEC	64	0x3	0	0	0
gate_proj	MAC	64	0x3	552	0	0
gate_proj	WRVEC	64	0x3	64	0	0
gate_proj	MAC	64	0x3	553	0	0
gate_proj	RD_MAC	0	0x1	33000	0	0
gate_proj	RD_MAC	0	0x2	33001	0	0
gate_proj	WRVEC	64	0x3	0	0	0
gate_proj	MAC	64	0x3	554	0	0
gate_proj	WRVEC	64	0x3	64	0	0
gate_proj	MAC	64	0x3	555	0	0
gate_proj	RD_MAC	0	0x1	33002	0	0
gate_proj	RD_MAC	0	0x2	33003	0	0
gate_proj	WRVEC	64	0x3	0	0	0
gate_proj	MAC	64	0x3	556	0	0
gate_proj	WRVEC	64	0x3	64	0	0
gate_proj	MAC	64	0x3	557	0	0
gate_proj	RD_MAC	0	0x1	33004	0	0
gate_proj	RD_MAC	0	0x2	33005	0	0
gate_proj	WRVEC	64	0x3	0	0	0
gate_proj	MAC	64	0x3	558	0	0
gate_proj	WRVEC	64	0x3	64	0	0
gate_proj	MAC	64	0x3	559	0	0
gate_proj	RD_MAC	0	0x1	33006	0	0
gate_proj	RD_MAC	0	0x2	33007	0	0
gate_proj	WRVEC	64	0x3	0	0	0
gate_proj	MAC	64	0x3	560	0	0
gate_proj	WRVEC	64	0x3	64	0	0
gate_proj	MAC	64	0x3	561	0	0
gate_proj	RD_MAC	0	0x1	33008	0	0
gate_proj	RD_MAC	0	0x2	33009	0	0
gate_proj	WRVEC	64	0x3	0	0	0
gate_proj	MAC	64	0x3	562	0	0
gate_proj	WRVEC	64	0x3	64	0	0
gate_proj	MAC	64	0x3	563	0	0
gate_proj	RD_MAC	0	0x1	33010	0	0
gate_proj	RD_MAC	0	0x2	33011	0	0
gate_proj	WRVEC	64	0x3	0	0	0
gate_proj	MAC	64	0x3	564	0	0
gate_proj	WRVEC	64	0x3	64	0	0
gate_proj	MAC	64	0x3	565	0	0
gate_proj	RD_MAC	0	0x1	33012	0	0
gate_proj	RD_MAC	0	0x2	33013	0	0
gate_proj	WRVEC	64	0x3	0	0	0
gate_proj	MAC	64	0x3	566	0	0
gate_proj	WRVEC	64	0x3	64	0	0
gate_proj	MAC	64	0x3	567	0	0
gate_proj	RD_MAC	0	0x1	33014	0	0
gate_proj	RD_MAC	0	0x2	33015	0	0
gate_proj	WRVEC	64	0x3	0	0	0
gate_proj	MAC	64	0x3	568	0	0
gate_proj	WRVEC	64	0x3	64	0	0
gate_proj	MAC	64	0x3	569	0	0
gate_proj	RD_MAC	0	0x1	33016	0	0
gate_proj	RD_MAC	0	0x2	33017	0	0
gate_proj	WRVEC	64	0x3	0	0	0
gate_proj	MAC	64	0x3	570	0	0
gate_proj	WRVEC	64	0x3	64	0	0
gate_proj	MAC	64	0x3	571	0	0
gate_proj	RD_MAC	0	0x1	33018	0	0
gate_proj	RD_MAC	0	0x2	33019	0	0
gate_proj	WRVEC	64	0x3	0	0	0
gate_proj	MAC	64	0x3	572	0	0
gate_proj	WRVEC	64	0x3	64	0	0
gate_proj	MAC	64	0x3	573	0	0
gate_proj	RD_MAC	0	0x1	33020	0	0
gate_proj	RD_MAC	0	0x2	33021	0	0
gate_proj	WRVEC	64	0x3	0	0	0
gate_proj	MAC	64	0x3	574	0	0
gate_proj	WRVEC	64	0x3	64	0	0
gate_proj	MAC	64	0x3	575	0	0
gate_proj	RD_MAC	0	0x1	33022	0	0
gate_proj	RD_MAC	0	0x2	33023	0	0
gate_proj	WRVEC	64	0x3	0	0	0
gate_proj	MAC	64	0x3	576	0	0
gate_proj	WRVEC	64	0x3	64	0	0
gate_proj	MAC	64	0x3	577	0	0
gate_proj	RD_MAC	0	0x1	33024	0	0
gate_proj	RD_MAC	0	0x2	33025	0	0
gate_proj	WRVEC	64	0x3	0	0	0
gate_proj	MAC	64	0x3	578	0	0
gate_proj	WRVEC	64	0x3	64	0	0
gate_proj	MAC	64	0x3	579	0	0
gate_proj	RD_MAC	0	0x1	33026	0	0
gate_proj	RD_MAC	0	0x2	33027	0	0
gate_proj	WRVEC	64	0x3	0	0	0
gate_proj	MAC	64	0x3	580	0	0
gate_proj	WRVEC	64	0x3	64	0	0
gate_proj	MAC	64	0x3	581	0	0
gate_proj	RD_MAC	0	0x1	33028	0	0
gate_proj	RD_MAC	0	0x2	33029	0	0
gate_proj	WRVEC	64	0x3	0	0	0
gate_proj	MAC	64	0x3	582	0	0
gate_proj	WRVEC	64	0x3	64	0	0
gate_proj	MAC	64	0x3	583	0	0
gate_proj	RD_MAC	0	0x1	33030	0	0
gate_proj	RD_MAC	0	0x2	33031	0	0
gate_proj	WRVEC	64	0x3	0	0	0
gate_proj	MAC	64	0x3	584	0	0
gate_proj	WRVEC	64	0x3	64	0	0
gate_proj	MAC	64	0x3	585	0	0
gate_proj	RD_MAC	0	0x1	33032	0	0
gate_proj	RD_MAC	0	0x2	33033	0	0
gate_proj	WRVEC	64	0x3	0	0	0
gate_proj	MAC	64	0x3	586	0	0
gate_proj	WRVEC	64	0x3	64	0	0
gate_proj	MAC	64	0x3	587	0	0
gate_proj	RD_MAC	0	0x1	33034	0	0
gate_proj	RD_MAC	0	0x2	33035	0	0
gate_proj	WRVEC	64	0x3	0	0	0
gate_proj	MAC	64	0x3	588	0	0
gate_proj	WRVEC	64	0x3	64	0	0
gate_proj	MAC	64	0x3	589	0	0
gate_proj	RD_MAC	0	0x1	33036	0	0
gate_proj	RD_MAC	0	0x2	33037	0	0
gate_proj	WRVEC	64	0x3	0	0	0
gate_proj	MAC	64	0x3	590	0	0
gate_proj	WRVEC	64	0x3	64	0	0
gate_proj	MAC	64	0x3	591	0	0
gate_proj	RD_MAC	0	0x1	33038	0	0
gate_proj	RD_MAC	0	0x2	33039	0	0
gate_proj	WRVEC	64	0x3	0	0	0
gate_proj	MAC	64	0x3	592	0	0
gate_proj	WRVEC	64	0x3	64	0	0
gate_proj	MAC	64	0x3	593	0	0
gate_proj	RD_MAC	0	0x1	33040	0	0
gate_proj	RD_MAC	0	0x2	33041	0	0
gate_proj	WRVEC	64	0x3	0	0	0
gate_proj	MAC	64	0x3	594	0	0
gate_proj	WRVEC	64	0x3	64	0	0
gate_proj	MAC	64	0x3	595	0	0
gate_proj	RD_MAC	0	0x1	33042	0	0
gate_proj	RD_MAC	0	0x2	33043	0	0
gate_proj	WRVEC	64	0x3	0	0	0
gate_proj	MAC	64	0x3	596	0	0
gate_proj	WRVEC	64	0x3	64	0	0
gate_proj	MAC	64	0x3	597	0	0
gate_proj	RD_MAC	0	0x1	33044	0	0
gate_proj	RD_MAC	0	0x2	33045	0	0
gate_proj	WRVEC	64	0x3	0	0	0
gate_proj	MAC	64	0x3	598	0	0
gate_proj	WRVEC	64	0x3	64	0	0
gate_proj	MAC	64	0x3	599	0	0
gate_proj	RD_MAC	0	0x1	33046	0	0
gate_proj	RD_MAC	0	0x2	33047	0	0
gate_proj	WRVEC	64	0x3	0	0	0
gate_proj	MAC	64	0x3	600	0	0
gate_proj	WRVEC	64	0x3	64	0	0
gate_proj	MAC	64	0x3	601	0	0
gate_proj	RD_MAC	0	0x1	33048	0	0
gate_proj	RD_MAC	0	0x2	33049	0	0
gate_proj	WRVEC	64	0x3	0	0	0
gate_proj	MAC	64	0x3	602	0	0
gate_proj	WRVEC	64	0x3	64	0	0
gate_proj	MAC	64	0x3	603	0	0
gate_proj	RD_MAC	0	0x1	33050	0	0
gate_proj	RD_MAC	0	0x2	33051	0	0
gate_proj	WRVEC	64	0x3	0	0	0
gate_proj	MAC	64	0x3	604	0	0
gate_proj	WRVEC	64	0x3	64	0	0
gate_proj	MAC	64	0x3	605	0	0
gate_proj	RD_MAC	0	0x1	33052	0	0
gate_proj	RD_MAC	0	0x2	33053	0	0
gate_proj	WRVEC	64	0x3	0	0	0
gate_proj	MAC	64	0x3	606	0	0
gate_proj	WRVEC	64	0x3	64	0	0
gate_proj	MAC	64	0x3	607	0	0
gate_proj	RD_MAC	0	0x1	33054	0	0
gate_proj	RD_MAC	0	0x2	33055	0	0
gate_proj	WRVEC	64	0x3	0	0	0
gate_proj	MAC	64	0x3	608	0	0
gate_proj	WRVEC	64	0x3	64	0	0
gate_proj	MAC	64	0x3	609	0	0
gate_proj	RD_MAC	0	0x1	33056	0	0
gate_proj	RD_MAC	0	0x2	33057	0	0
gate_proj	WRVEC	64	0x3	0	0	0
gate_proj	MAC	64	0x3	610	0	0
gate_proj	WRVEC	64	0x3	64	0	0
gate_proj	MAC	64	0x3	611	0	0
gate_proj	RD_MAC	0	0x1	33058	0	0
gate_proj	RD_MAC	0	0x2	33059	0	0
gate_proj	WRVEC	64	0x3	0	0	0
gate_proj	MAC	64	0x3	612	0	0
gate_proj	WRVEC	64	0x3	64	0	0
gate_proj	MAC	64	0x3	613	0	0
gate_proj	RD_MAC	0	0x1	33060	0	0
gate_proj	RD_MAC	0	0x2	33061	0	0
gate_proj	WRVEC	64	0x3	0	0	0
gate_proj	MAC	64	0x3	614	0	0
gate_proj	WRVEC	64	0x3	64	0	0
gate_proj	MAC	64	0x3	615	0	0
gate_proj	RD_MAC	0	0x1	33062	0	0
gate_proj	RD_MAC	0	0x2	33063	0	0
gate_proj	WRVEC	64	0x3	0	0	0
gate_proj	MAC	64	0x3	616	0	0
gate_proj	WRVEC	64	0x3	64	0	0
gate_proj	MAC	64	0x3	617	0	0
gate_proj	RD_MAC	0	0x1	33064	0	0
gate_proj	RD_MAC	0	0x2	33065	0	0
gate_proj	WRVEC	64	0x3	0	0	0
gate_proj	MAC	64	0x3	618	0	0
gate_proj	WRVEC	64	0x3	64	0	0
gate_proj	MAC	64	0x3	619	0	0
gate_proj	RD_MAC	0	0x1	33066	0	0
gate_proj	RD_MAC	0	0x2	33067	0	0
gate_proj	WRVEC	64	0x3	0	0	0
gate_proj	MAC	64	0x3	620	0	0
gate_proj	WRVEC	64	0x3	64	0	0
gate_proj	MAC	64	0x3	621	0	0
gate_proj	RD_MAC	0	0x1	33068	0	0
gate_proj	RD_MAC	0	0x2	33069	0	0
gate_proj	WRVEC	64	0x3	0	0	0
gate_proj	MAC	64	0x3	622	0	0
gate_proj	WRVEC	64	0x3	64	0	0
gate_proj	MAC	64	0x3	623	0	0
gate_proj	RD_MAC	0	0x1	33070	0	0
gate_proj	RD_MAC	0	0x2	33071	0	0
gate_proj	WRVEC	64	0x3	0	0	0
gate_proj	MAC	64	0x3	624	0	0
gate_proj	WRVEC	64	0x3	64	0	0
gate_proj	MAC	64	0x3	625	0	0
gate_proj	RD_MAC	0	0x1	33072	0	0
gate_proj	RD_MAC	0	0x2	33073	0	0
gate_proj	WRVEC	64	0x3	0	0	0
gate_proj	MAC	64	0x3	626	0	0
gate_proj	WRVEC	64	0x3	64	0	0
gate_proj	MAC	64	0x3	627	0	0
gate_proj	RD_MAC	0	0x1	33074	0	0
gate_proj	RD_MAC	0	0x2	33075	0	0
gate_proj	WRVEC	64	0x3	0	0	0
gate_proj	MAC	64	0x3	628	0	0
gate_proj	WRVEC	64	0x3	64	0	0
gate_proj	MAC	64	0x3	629	0	0
gate_proj	RD_MAC	0	0x1	33076	0	0
gate_proj	RD_MAC	0	0x2	33077	0	0
gate_proj	WRVEC	64	0x3	0	0	0
gate_proj	MAC	64	0x3	630	0	0
gate_proj	WRVEC	64	0x3	64	0	0
gate_proj	MAC	64	0x3	631	0	0
gate_proj	RD_MAC	0	0x1	33078	0	0
gate_proj	RD_MAC	0	0x2	33079	0	0
gate_proj	WRVEC	64	0x3	0	0	0
gate_proj	MAC	64	0x3	632	0	0
gate_proj	WRVEC	64	0x3	64	0	0
gate_proj	MAC	64	0x3	633	0	0
gate_proj	RD_MAC	0	0x1	33080	0	0
gate_proj	RD_MAC	0	0x2	33081	0	0
gate_proj	WRVEC	64	0x3	0	0	0
gate_proj	MAC	64	0x3	634	0	0
gate_proj	WRVEC	64	0x3	64	0	0
gate_proj	MAC	64	0x3	635	0	0
gate_proj	RD_MAC	0	0x1	33082	0	0
gate_proj	RD_MAC	0	0x2	33083	0	0
gate_proj	WRVEC	64	0x3	0	0	0
gate_proj	MAC	64	0x3	636	0	0
gate_proj	WRVEC	64	0x3	64	0	0
gate_proj	MAC	64	0x3	637	0	0
gate_proj	RD_MAC	0	0x1	33084	0	0
gate_proj	RD_MAC	0	0x2	33085	0	0
gate_proj	WRVEC	64	0x3	0	0	0
gate_proj	MAC	64	0x3	638	0	0
gate_proj	WRVEC	64	0x3	64	0	0
gate_proj	MAC	64	0x3	639	0	0
gate_proj	RD_MAC	0	0x1	33086	0	0
gate_proj	RD_MAC	0	0x2	33087	0	0
gate_proj	WRVEC	64	0x3	0	0	0
gate_proj	MAC	64	0x3	640	0	0
gate_proj	WRVEC	64	0x3	64	0	0
gate_proj	MAC	64	0x3	641	0	0
gate_proj	RD_MAC	0	0x1	33088	0	0
gate_proj	RD_MAC	0	0x2	33089	0	0
gate_proj	WRVEC	64	0x3	0	0	0
gate_proj	MAC	64	0x3	642	0	0
gate_proj	WRVEC	64	0x3	64	0	0
gate_proj	MAC	64	0x3	643	0	0
gate_proj	RD_MAC	0	0x1	33090	0	0
gate_proj	RD_MAC	0	0x2	33091	0	0
gate_proj	WRVEC	64	0x3	0	0	0
gate_proj	MAC	64	0x3	644	0	0
gate_proj	WRVEC	64	0x3	64	0	0
gate_proj	MAC	64	0x3	645	0	0
gate_proj	RD_MAC	0	0x1	33092	0	0
gate_proj	RD_MAC	0	0x2	33093	0	0
gate_proj	WRVEC	64	0x3	0	0	0
gate_proj	MAC	64	0x3	646	0	0
gate_proj	WRVEC	64	0x3	64	0	0
gate_proj	MAC	64	0x3	647	0	0
gate_proj	RD_MAC	0	0x1	33094	0	0
gate_proj	RD_MAC	0	0x2	33095	0	0
gate_proj	WRVEC	64	0x3	0	0	0
gate_proj	MAC	64	0x3	648	0	0
gate_proj	WRVEC	64	0x3	64	0	0
gate_proj	MAC	64	0x3	649	0	0
gate_proj	RD_MAC	0	0x1	33096	0	0
gate_proj	RD_MAC	0	0x2	33097	0	0
gate_proj	WRVEC	64	0x3	0	0	0
gate_proj	MAC	64	0x3	650	0	0
gate_proj	WRVEC	64	0x3	64	0	0
gate_proj	MAC	64	0x3	651	0	0
gate_proj	RD_MAC	0	0x1	33098	0	0
gate_proj	RD_MAC	0	0x2	33099	0	0
gate_proj	WRVEC	64	0x3	0	0	0
gate_proj	MAC	64	0x3	652	0	0
gate_proj	WRVEC	64	0x3	64	0	0
gate_proj	MAC	64	0x3	653	0	0
gate_proj	RD_MAC	0	0x1	33100	0	0
gate_proj	RD_MAC	0	0x2	33101	0	0
gate_proj	WRVEC	64	0x3	0	0	0
gate_proj	MAC	64	0x3	654	0	0
gate_proj	WRVEC	64	0x3	64	0	0
gate_proj	MAC	64	0x3	655	0	0
gate_proj	RD_MAC	0	0x1	33102	0	0
gate_proj	RD_MAC	0	0x2	33103	0	0
gate_proj	WRVEC	64	0x3	0	0	0
gate_proj	MAC	64	0x3	656	0	0
gate_proj	WRVEC	64	0x3	64	0	0
gate_proj	MAC	64	0x3	657	0	0
gate_proj	RD_MAC	0	0x1	33104	0	0
gate_proj	RD_MAC	0	0x2	33105	0	0
gate_proj	WRVEC	64	0x3	0	0	0
gate_proj	MAC	64	0x3	658	0	0
gate_proj	WRVEC	64	0x3	64	0	0
gate_proj	MAC	64	0x3	659	0	0
gate_proj	RD_MAC	0	0x1	33106	0	0
gate_proj	RD_MAC	0	0x2	33107	0	0
gate_proj	WRVEC	64	0x3	0	0	0
gate_proj	MAC	64	0x3	660	0	0
gate_proj	WRVEC	64	0x3	64	0	0
gate_proj	MAC	64	0x3	661	0	0
gate_proj	RD_MAC	0	0x1	33108	0	0
gate_proj	RD_MAC	0	0x2	33109	0	0
gate_proj	WRVEC	64	0x3	0	0	0
gate_proj	MAC	64	0x3	662	0	0
gate_proj	WRVEC	64	0x3	64	0	0
gate_proj	MAC	64	0x3	663	0	0
gate_proj	RD_MAC	0	0x1	33110	0	0
gate_proj	RD_MAC	0	0x2	33111	0	0
gate_proj	WRVEC	64	0x3	0	0	0
gate_proj	MAC	64	0x3	664	0	0
gate_proj	WRVEC	64	0x3	64	0	0
gate_proj	MAC	64	0x3	665	0	0
gate_proj	RD_MAC	0	0x1	33112	0	0
gate_proj	RD_MAC	0	0x2	33113	0	0
gate_proj	WRVEC	64	0x3	0	0	0
gate_proj	MAC	64	0x3	666	0	0
gate_proj	WRVEC	64	0x3	64	0	0
gate_proj	MAC	64	0x3	667	0	0
gate_proj	RD_MAC	0	0x1	33114	0	0
gate_proj	RD_MAC	0	0x2	33115	0	0
gate_proj	WRVEC	64	0x3	0	0	0
gate_proj	MAC	64	0x3	668	0	0
gate_proj	WRVEC	64	0x3	64	0	0
gate_proj	MAC	64	0x3	669	0	0
gate_proj	RD_MAC	0	0x1	33116	0	0
gate_proj	RD_MAC	0	0x2	33117	0	0
gate_proj	WRVEC	64	0x3	0	0	0
gate_proj	MAC	64	0x3	670	0	0
gate_proj	WRVEC	64	0x3	64	0	0
gate_proj	MAC	64	0x3	671	0	0
gate_proj	RD_MAC	0	0x1	33118	0	0
gate_proj	RD_MAC	0	0x2	33119	0	0
gate_proj	WRVEC	64	0x3	0	0	0
gate_proj	MAC	64	0x3	672	0	0
gate_proj	WRVEC	64	0x3	64	0	0
gate_proj	MAC	64	0x3	673	0	0
gate_proj	RD_MAC	0	0x1	33120	0	0
gate_proj	RD_MAC	0	0x2	33121	0	0
gate_proj	WRVEC	64	0x3	0	0	0
gate_proj	MAC	64	0x3	674	0	0
gate_proj	WRVEC	64	0x3	64	0	0
gate_proj	MAC	64	0x3	675	0	0
gate_proj	RD_MAC	0	0x1	33122	0	0
gate_proj	RD_MAC	0	0x2	33123	0	0
gate_proj	WRVEC	64	0x3	0	0	0
gate_proj	MAC	64	0x3	676	0	0
gate_proj	WRVEC	64	0x3	64	0	0
gate_proj	MAC	64	0x3	677	0	0
gate_proj	RD_MAC	0	0x1	33124	0	0
gate_proj	RD_MAC	0	0x2	33125	0	0
gate_proj	WRVEC	64	0x3	0	0	0
gate_proj	MAC	64	0x3	678	0	0
gate_proj	WRVEC	64	0x3	64	0	0
gate_proj	MAC	64	0x3	679	0	0
gate_proj	RD_MAC	0	0x1	33126	0	0
gate_proj	RD_MAC	0	0x2	33127	0	0
gate_proj	WRVEC	64	0x3	0	0	0
gate_proj	MAC	64	0x3	680	0	0
gate_proj	WRVEC	64	0x3	64	0	0
gate_proj	MAC	64	0x3	681	0	0
gate_proj	RD_MAC	0	0x1	33128	0	0
gate_proj	RD_MAC	0	0x2	33129	0	0
gate_proj	WRVEC	64	0x3	0	0	0
gate_proj	MAC	64	0x3	682	0	0
gate_proj	WRVEC	64	0x3	64	0	0
gate_proj	MAC	64	0x3	683	0	0
gate_proj	RD_MAC	0	0x1	33130	0	0
gate_proj	RD_MAC	0	0x2	33131	0	0
gate_proj	WRVEC	64	0x3	0	0	0
gate_proj	MAC	64	0x3	684	0	0
gate_proj	WRVEC	64	0x3	64	0	0
gate_proj	MAC	64	0x3	685	0	0
gate_proj	RD_MAC	0	0x1	33132	0	0
gate_proj	RD_MAC	0	0x2	33133	0	0
gate_proj	WRVEC	64	0x3	0	0	0
gate_proj	MAC	64	0x3	686	0	0
gate_proj	WRVEC	64	0x3	64	0	0
gate_proj	MAC	64	0x3	687	0	0
gate_proj	RD_MAC	0	0x1	33134	0	0
gate_proj	RD_MAC	0	0x2	33135	0	0
gate_proj	WRVEC	64	0x3	0	0	0
gate_proj	MAC	64	0x3	688	0	0
gate_proj	WRVEC	64	0x3	64	0	0
gate_proj	MAC	64	0x3	689	0	0
gate_proj	RD_MAC	0	0x1	33136	0	0
gate_proj	RD_MAC	0	0x2	33137	0	0
gate_proj	WRVEC	64	0x3	0	0	0
gate_proj	MAC	64	0x3	690	0	0
gate_proj	WRVEC	64	0x3	64	0	0
gate_proj	MAC	64	0x3	691	0	0
gate_proj	RD_MAC	0	0x1	33138	0	0
gate_proj	RD_MAC	0	0x2	33139	0	0
gate_proj	WRVEC	64	0x3	0	0	0
gate_proj	MAC	64	0x3	692	0	0
gate_proj	WRVEC	64	0x3	64	0	0
gate_proj	MAC	64	0x3	693	0	0
gate_proj	RD_MAC	0	0x1	33140	0	0
gate_proj	RD_MAC	0	0x2	33141	0	0
gate_proj	WRVEC	64	0x3	0	0	0
gate_proj	MAC	64	0x3	694	0	0
gate_proj	WRVEC	64	0x3	64	0	0
gate_proj	MAC	64	0x3	695	0	0
gate_proj	RD_MAC	0	0x1	33142	0	0
gate_proj	RD_MAC	0	0x2	33143	0	0
gate_proj	WRVEC	64	0x3	0	0	0
gate_proj	MAC	64	0x3	696	0	0
gate_proj	WRVEC	64	0x3	64	0	0
gate_proj	MAC	64	0x3	697	0	0
gate_proj	RD_MAC	0	0x1	33144	0	0
gate_proj	RD_MAC	0	0x2	33145	0	0
gate_proj	WRVEC	64	0x3	0	0	0
gate_proj	MAC	64	0x3	698	0	0
gate_proj	WRVEC	64	0x3	64	0	0
gate_proj	MAC	64	0x3	699	0	0
gate_proj	RD_MAC	0	0x1	33146	0	0
gate_proj	RD_MAC	0	0x2	33147	0	0
gate_proj	WRVEC	64	0x3	0	0	0
gate_proj	MAC	64	0x3	700	0	0
gate_proj	WRVEC	64	0x3	64	0	0
gate_proj	MAC	64	0x3	701	0	0
gate_proj	RD_MAC	0	0x1	33148	0	0
gate_proj	RD_MAC	0	0x2	33149	0	0
gate_proj	WRVEC	64	0x3	0	0	0
gate_proj	MAC	64	0x3	702	0	0
gate_proj	WRVEC	64	0x3	64	0	0
gate_proj	MAC	64	0x3	703	0	0
gate_proj	RD_MAC	0	0x1	33150	0	0
gate_proj	RD_MAC	0	0x2	33151	0	0
gate_proj	WRVEC	64	0x3	0	0	0
gate_proj	MAC	64	0x3	704	0	0
gate_proj	WRVEC	64	0x3	64	0	0
gate_proj	MAC	64	0x3	705	0	0
gate_proj	RD_MAC	0	0x1	33152	0	0
gate_proj	RD_MAC	0	0x2	33153	0	0
gate_proj	WRVEC	64	0x3	0	0	0
gate_proj	MAC	64	0x3	706	0	0
gate_proj	WRVEC	64	0x3	64	0	0
gate_proj	MAC	64	0x3	707	0	0
gate_proj	RD_MAC	0	0x1	33154	0	0
gate_proj	RD_MAC	0	0x2	33155	0	0
gate_proj	WRVEC	64	0x3	0	0	0
gate_proj	MAC	64	0x3	708	0	0
gate_proj	WRVEC	64	0x3	64	0	0
gate_proj	MAC	64	0x3	709	0	0
gate_proj	RD_MAC	0	0x1	33156	0	0
gate_proj	RD_MAC	0	0x2	33157	0	0
gate_proj	WRVEC	64	0x3	0	0	0
gate_proj	MAC	64	0x3	710	0	0
gate_proj	WRVEC	64	0x3	64	0	0
gate_proj	MAC	64	0x3	711	0	0
gate_proj	RD_MAC	0	0x1	33158	0	0
gate_proj	RD_MAC	0	0x2	33159	0	0
gate_proj	WRVEC	64	0x3	0	0	0
gate_proj	MAC	64	0x3	712	0	0
gate_proj	WRVEC	64	0x3	64	0	0
gate_proj	MAC	64	0x3	713	0	0
gate_proj	RD_MAC	0	0x1	33160	0	0
gate_proj	RD_MAC	0	0x2	33161	0	0
gate_proj	WRVEC	64	0x3	0	0	0
gate_proj	MAC	64	0x3	714	0	0
gate_proj	WRVEC	64	0x3	64	0	0
gate_proj	MAC	64	0x3	715	0	0
gate_proj	RD_MAC	0	0x1	33162	0	0
gate_proj	RD_MAC	0	0x2	33163	0	0
gate_proj	WRVEC	64	0x3	0	0	0
gate_proj	MAC	64	0x3	716	0	0
gate_proj	WRVEC	64	0x3	64	0	0
gate_proj	MAC	64	0x3	717	0	0
gate_proj	RD_MAC	0	0x1	33164	0	0
gate_proj	RD_MAC	0	0x2	33165	0	0
gate_proj	WRVEC	64	0x3	0	0	0
gate_proj	MAC	64	0x3	718	0	0
gate_proj	WRVEC	64	0x3	64	0	0
gate_proj	MAC	64	0x3	719	0	0
gate_proj	RD_MAC	0	0x1	33166	0	0
gate_proj	RD_MAC	0	0x2	33167	0	0
gate_proj	WRVEC	64	0x3	0	0	0
gate_proj	MAC	64	0x3	720	0	0
gate_proj	WRVEC	64	0x3	64	0	0
gate_proj	MAC	64	0x3	721	0	0
gate_proj	RD_MAC	0	0x1	33168	0	0
gate_proj	RD_MAC	0	0x2	33169	0	0
gate_proj	WRVEC	64	0x3	0	0	0
gate_proj	MAC	64	0x3	722	0	0
gate_proj	WRVEC	64	0x3	64	0	0
gate_proj	MAC	64	0x3	723	0	0
gate_proj	RD_MAC	0	0x1	33170	0	0
gate_proj	RD_MAC	0	0x2	33171	0	0
gate_proj	WRVEC	64	0x3	0	0	0
gate_proj	MAC	64	0x3	724	0	0
gate_proj	WRVEC	64	0x3	64	0	0
gate_proj	MAC	64	0x3	725	0	0
gate_proj	RD_MAC	0	0x1	33172	0	0
gate_proj	RD_MAC	0	0x2	33173	0	0
gate_proj	WRVEC	64	0x3	0	0	0
gate_proj	MAC	64	0x3	726	0	0
gate_proj	WRVEC	64	0x3	64	0	0
gate_proj	MAC	64	0x3	727	0	0
gate_proj	RD_MAC	0	0x1	33174	0	0
gate_proj	RD_MAC	0	0x2	33175	0	0
gate_proj	WRVEC	64	0x3	0	0	0
gate_proj	MAC	64	0x3	728	0	0
gate_proj	WRVEC	64	0x3	64	0	0
gate_proj	MAC	64	0x3	729	0	0
gate_proj	RD_MAC	0	0x1	33176	0	0
gate_proj	RD_MAC	0	0x2	33177	0	0
gate_proj	WRVEC	64	0x3	0	0	0
gate_proj	MAC	64	0x3	730	0	0
gate_proj	WRVEC	64	0x3	64	0	0
gate_proj	MAC	64	0x3	731	0	0
gate_proj	RD_MAC	0	0x1	33178	0	0
gate_proj	RD_MAC	0	0x2	33179	0	0
gate_proj	WRVEC	64	0x3	0	0	0
gate_proj	MAC	64	0x3	732	0	0
gate_proj	WRVEC	64	0x3	64	0	0
gate_proj	MAC	64	0x3	733	0	0
gate_proj	RD_MAC	0	0x1	33180	0	0
gate_proj	RD_MAC	0	0x2	33181	0	0
gate_proj	WRVEC	64	0x3	0	0	0
gate_proj	MAC	64	0x3	734	0	0
gate_proj	WRVEC	64	0x3	64	0	0
gate_proj	MAC	64	0x3	735	0	0
gate_proj	RD_MAC	0	0x1	33182	0	0
gate_proj	RD_MAC	0	0x2	33183	0	0
gate_proj	WRVEC	64	0x3	0	0	0
gate_proj	MAC	64	0x3	736	0	0
gate_proj	WRVEC	64	0x3	64	0	0
gate_proj	MAC	64	0x3	737	0	0
gate_proj	RD_MAC	0	0x1	33184	0	0
gate_proj	RD_MAC	0	0x2	33185	0	0
gate_proj	WRVEC	64	0x3	0	0	0
gate_proj	MAC	64	0x3	738	0	0
gate_proj	WRVEC	64	0x3	64	0	0
gate_proj	MAC	64	0x3	739	0	0
gate_proj	RD_MAC	0	0x1	33186	0	0
gate_proj	RD_MAC	0	0x2	33187	0	0
gate_proj	WRVEC	64	0x3	0	0	0
gate_proj	MAC	64	0x3	740	0	0
gate_proj	WRVEC	64	0x3	64	0	0
gate_proj	MAC	64	0x3	741	0	0
gate_proj	RD_MAC	0	0x1	33188	0	0
gate_proj	RD_MAC	0	0x2	33189	0	0
gate_proj	WRVEC	64	0x3	0	0	0
gate_proj	MAC	64	0x3	742	0	0
gate_proj	WRVEC	64	0x3	64	0	0
gate_proj	MAC	64	0x3	743	0	0
gate_proj	RD_MAC	0	0x1	33190	0	0
gate_proj	RD_MAC	0	0x2	33191	0	0
gate_proj	WRVEC	64	0x3	0	0	0
gate_proj	MAC	64	0x3	744	0	0
gate_proj	WRVEC	64	0x3	64	0	0
gate_proj	MAC	64	0x3	745	0	0
gate_proj	RD_MAC	0	0x1	33192	0	0
gate_proj	RD_MAC	0	0x2	33193	0	0
gate_proj	WRVEC	64	0x3	0	0	0
gate_proj	MAC	64	0x3	746	0	0
gate_proj	WRVEC	64	0x3	64	0	0
gate_proj	MAC	64	0x3	747	0	0
gate_proj	RD_MAC	0	0x1	33194	0	0
gate_proj	RD_MAC	0	0x2	33195	0	0
gate_proj	WRVEC	64	0x3	0	0	0
gate_proj	MAC	64	0x3	748	0	0
gate_proj	WRVEC	64	0x3	64	0	0
gate_proj	MAC	64	0x3	749	0	0
gate_proj	RD_MAC	0	0x1	33196	0	0
gate_proj	RD_MAC	0	0x2	33197	0	0
gate_proj	WRVEC	64	0x3	0	0	0
gate_proj	MAC	64	0x3	750	0	0
gate_proj	WRVEC	64	0x3	64	0	0
gate_proj	MAC	64	0x3	751	0	0
gate_proj	RD_MAC	0	0x1	33198	0	0
gate_proj	RD_MAC	0	0x2	33199	0	0
gate_proj	WRVEC	64	0x3	0	0	0
gate_proj	MAC	64	0x3	752	0	0
gate_proj	WRVEC	64	0x3	64	0	0
gate_proj	MAC	64	0x3	753	0	0
gate_proj	RD_MAC	0	0x1	33200	0	0
gate_proj	RD_MAC	0	0x2	33201	0	0
gate_proj	WRVEC	64	0x3	0	0	0
gate_proj	MAC	64	0x3	754	0	0
gate_proj	WRVEC	64	0x3	64	0	0
gate_proj	MAC	64	0x3	755	0	0
gate_proj	RD_MAC	0	0x1	33202	0	0
gate_proj	RD_MAC	0	0x2	33203	0	0
gate_proj	WRVEC	64	0x3	0	0	0
gate_proj	MAC	64	0x3	756	0	0
gate_proj	WRVEC	64	0x3	64	0	0
gate_proj	MAC	64	0x3	757	0	0
gate_proj	RD_MAC	0	0x1	33204	0	0
gate_proj	RD_MAC	0	0x2	33205	0	0
gate_proj	WRVEC	64	0x3	0	0	0
gate_proj	MAC	64	0x3	758	0	0
gate_proj	WRVEC	64	0x3	64	0	0
gate_proj	MAC	64	0x3	759	0	0
gate_proj	RD_MAC	0	0x1	33206	0	0
gate_proj	RD_MAC	0	0x2	33207	0	0
gate_proj	WRVEC	64	0x3	0	0	0
gate_proj	MAC	64	0x3	760	0	0
gate_proj	WRVEC	64	0x3	64	0	0
gate_proj	MAC	64	0x3	761	0	0
gate_proj	RD_MAC	0	0x1	33208	0	0
gate_proj	RD_MAC	0	0x2	33209	0	0
gate_proj	WRVEC	64	0x3	0	0	0
gate_proj	MAC	64	0x3	762	0	0
gate_proj	WRVEC	64	0x3	64	0	0
gate_proj	MAC	64	0x3	763	0	0
gate_proj	RD_MAC	0	0x1	33210	0	0
gate_proj	RD_MAC	0	0x2	33211	0	0
gate_proj	WRVEC	64	0x3	0	0	0
gate_proj	MAC	64	0x3	764	0	0
gate_proj	WRVEC	64	0x3	64	0	0
gate_proj	MAC	64	0x3	765	0	0
gate_proj	RD_MAC	0	0x1	33212	0	0
gate_proj	RD_MAC	0	0x2	33213	0	0
gate_proj	WRVEC	64	0x3	0	0	0
gate_proj	MAC	64	0x3	766	0	0
gate_proj	WRVEC	64	0x3	64	0	0
gate_proj	MAC	64	0x3	767	0	0
gate_proj	RD_MAC	0	0x1	33214	0	0
gate_proj	RD_MAC	0	0x2	33215	0	0
gate_proj	WRVEC	64	0x3	0	0	0
gate_proj	MAC	64	0x3	768	0	0
gate_proj	WRVEC	64	0x3	64	0	0
gate_proj	MAC	64	0x3	769	0	0
gate_proj	RD_MAC	0	0x1	33216	0	0
gate_proj	RD_MAC	0	0x2	33217	0	0
gate_proj	WRVEC	64	0x3	0	0	0
gate_proj	MAC	64	0x3	770	0	0
gate_proj	WRVEC	64	0x3	64	0	0
gate_proj	MAC	64	0x3	771	0	0
gate_proj	RD_MAC	0	0x1	33218	0	0
gate_proj	RD_MAC	0	0x2	33219	0	0
gate_proj	WRVEC	64	0x3	0	0	0
gate_proj	MAC	64	0x3	772	0	0
gate_proj	WRVEC	64	0x3	64	0	0
gate_proj	MAC	64	0x3	773	0	0
gate_proj	RD_MAC	0	0x1	33220	0	0
gate_proj	RD_MAC	0	0x2	33221	0	0
gate_proj	WRVEC	64	0x3	0	0	0
gate_proj	MAC	64	0x3	774	0	0
gate_proj	WRVEC	64	0x3	64	0	0
gate_proj	MAC	64	0x3	775	0	0
gate_proj	RD_MAC	0	0x1	33222	0	0
gate_proj	RD_MAC	0	0x2	33223	0	0
gate_proj	WRVEC	64	0x3	0	0	0
gate_proj	MAC	64	0x3	776	0	0
gate_proj	WRVEC	64	0x3	64	0	0
gate_proj	MAC	64	0x3	777	0	0
gate_proj	RD_MAC	0	0x1	33224	0	0
gate_proj	RD_MAC	0	0x2	33225	0	0
gate_proj	WRVEC	64	0x3	0	0	0
gate_proj	MAC	64	0x3	778	0	0
gate_proj	WRVEC	64	0x3	64	0	0
gate_proj	MAC	64	0x3	779	0	0
gate_proj	RD_MAC	0	0x1	33226	0	0
gate_proj	RD_MAC	0	0x2	33227	0	0
gate_proj	WRVEC	64	0x3	0	0	0
gate_proj	MAC	64	0x3	780	0	0
gate_proj	WRVEC	64	0x3	64	0	0
gate_proj	MAC	64	0x3	781	0	0
gate_proj	RD_MAC	0	0x1	33228	0	0
gate_proj	RD_MAC	0	0x2	33229	0	0
gate_proj	WRVEC	64	0x3	0	0	0
gate_proj	MAC	64	0x3	782	0	0
gate_proj	WRVEC	64	0x3	64	0	0
gate_proj	MAC	64	0x3	783	0	0
gate_proj	RD_MAC	0	0x1	33230	0	0
gate_proj	RD_MAC	0	0x2	33231	0	0
gate_proj	WRVEC	64	0x3	0	0	0
gate_proj	MAC	64	0x3	784	0	0
gate_proj	WRVEC	64	0x3	64	0	0
gate_proj	MAC	64	0x3	785	0	0
gate_proj	RD_MAC	0	0x1	33232	0	0
gate_proj	RD_MAC	0	0x2	33233	0	0
gate_proj	WRVEC	64	0x3	0	0	0
gate_proj	MAC	64	0x3	786	0	0
gate_proj	WRVEC	64	0x3	64	0	0
gate_proj	MAC	64	0x3	787	0	0
gate_proj	RD_MAC	0	0x1	33234	0	0
gate_proj	RD_MAC	0	0x2	33235	0	0
gate_proj	WRVEC	64	0x3	0	0	0
gate_proj	MAC	64	0x3	788	0	0
gate_proj	WRVEC	64	0x3	64	0	0
gate_proj	MAC	64	0x3	789	0	0
gate_proj	RD_MAC	0	0x1	33236	0	0
gate_proj	RD_MAC	0	0x2	33237	0	0
gate_proj	WRVEC	64	0x3	0	0	0
gate_proj	MAC	64	0x3	790	0	0
gate_proj	WRVEC	64	0x3	64	0	0
gate_proj	MAC	64	0x3	791	0	0
gate_proj	RD_MAC	0	0x1	33238	0	0
gate_proj	RD_MAC	0	0x2	33239	0	0
gate_proj	WRVEC	64	0x3	0	0	0
gate_proj	MAC	64	0x3	792	0	0
gate_proj	WRVEC	64	0x3	64	0	0
gate_proj	MAC	64	0x3	793	0	0
gate_proj	RD_MAC	0	0x1	33240	0	0
gate_proj	RD_MAC	0	0x2	33241	0	0
gate_proj	WRVEC	64	0x3	0	0	0
gate_proj	MAC	64	0x3	794	0	0
gate_proj	WRVEC	64	0x3	64	0	0
gate_proj	MAC	64	0x3	795	0	0
gate_proj	RD_MAC	0	0x1	33242	0	0
gate_proj	RD_MAC	0	0x2	33243	0	0
gate_proj	WRVEC	64	0x3	0	0	0
gate_proj	MAC	64	0x3	796	0	0
gate_proj	WRVEC	64	0x3	64	0	0
gate_proj	MAC	64	0x3	797	0	0
gate_proj	RD_MAC	0	0x1	33244	0	0
gate_proj	RD_MAC	0	0x2	33245	0	0
gate_proj	WRVEC	64	0x3	0	0	0
gate_proj	MAC	64	0x3	798	0	0
gate_proj	WRVEC	64	0x3	64	0	0
gate_proj	MAC	64	0x3	799	0	0
gate_proj	RD_MAC	0	0x1	33246	0	0
gate_proj	RD_MAC	0	0x2	33247	0	0
gate_proj	WRVEC	64	0x3	0	0	0
gate_proj	MAC	64	0x3	800	0	0
gate_proj	WRVEC	64	0x3	64	0	0
gate_proj	MAC	64	0x3	801	0	0
gate_proj	RD_MAC	0	0x1	33248	0	0
gate_proj	RD_MAC	0	0x2	33249	0	0
gate_proj	WRVEC	64	0x3	0	0	0
gate_proj	MAC	64	0x3	802	0	0
gate_proj	WRVEC	64	0x3	64	0	0
gate_proj	MAC	64	0x3	803	0	0
gate_proj	RD_MAC	0	0x1	33250	0	0
gate_proj	RD_MAC	0	0x2	33251	0	0
gate_proj	WRVEC	64	0x3	0	0	0
gate_proj	MAC	64	0x3	804	0	0
gate_proj	WRVEC	64	0x3	64	0	0
gate_proj	MAC	64	0x3	805	0	0
gate_proj	RD_MAC	0	0x1	33252	0	0
gate_proj	RD_MAC	0	0x2	33253	0	0
gate_proj	WRVEC	64	0x3	0	0	0
gate_proj	MAC	64	0x3	806	0	0
gate_proj	WRVEC	64	0x3	64	0	0
gate_proj	MAC	64	0x3	807	0	0
gate_proj	RD_MAC	0	0x1	33254	0	0
gate_proj	RD_MAC	0	0x2	33255	0	0
gate_proj	WRVEC	64	0x3	0	0	0
gate_proj	MAC	64	0x3	808	0	0
gate_proj	WRVEC	64	0x3	64	0	0
gate_proj	MAC	64	0x3	809	0	0
gate_proj	RD_MAC	0	0x1	33256	0	0
gate_proj	RD_MAC	0	0x2	33257	0	0
gate_proj	WRVEC	64	0x3	0	0	0
gate_proj	MAC	64	0x3	810	0	0
gate_proj	WRVEC	64	0x3	64	0	0
gate_proj	MAC	64	0x3	811	0	0
gate_proj	RD_MAC	0	0x1	33258	0	0
gate_proj	RD_MAC	0	0x2	33259	0	0
gate_proj	WRVEC	64	0x3	0	0	0
gate_proj	MAC	64	0x3	812	0	0
gate_proj	WRVEC	64	0x3	64	0	0
gate_proj	MAC	64	0x3	813	0	0
gate_proj	RD_MAC	0	0x1	33260	0	0
gate_proj	RD_MAC	0	0x2	33261	0	0
gate_proj	WRVEC	64	0x3	0	0	0
gate_proj	MAC	64	0x3	814	0	0
gate_proj	WRVEC	64	0x3	64	0	0
gate_proj	MAC	64	0x3	815	0	0
gate_proj	RD_MAC	0	0x1	33262	0	0
gate_proj	RD_MAC	0	0x2	33263	0	0
gate_proj	WRVEC	64	0x3	0	0	0
gate_proj	MAC	64	0x3	816	0	0
gate_proj	WRVEC	64	0x3	64	0	0
gate_proj	MAC	64	0x3	817	0	0
gate_proj	RD_MAC	0	0x1	33264	0	0
gate_proj	RD_MAC	0	0x2	33265	0	0
gate_proj	WRVEC	64	0x3	0	0	0
gate_proj	MAC	64	0x3	818	0	0
gate_proj	WRVEC	64	0x3	64	0	0
gate_proj	MAC	64	0x3	819	0	0
gate_proj	RD_MAC	0	0x1	33266	0	0
gate_proj	RD_MAC	0	0x2	33267	0	0
gate_proj	WRVEC	64	0x3	0	0	0
gate_proj	MAC	64	0x3	820	0	0
gate_proj	WRVEC	64	0x3	64	0	0
gate_proj	MAC	64	0x3	821	0	0
gate_proj	RD_MAC	0	0x1	33268	0	0
gate_proj	RD_MAC	0	0x2	33269	0	0
gate_proj	WRVEC	64	0x3	0	0	0
gate_proj	MAC	64	0x3	822	0	0
gate_proj	WRVEC	64	0x3	64	0	0
gate_proj	MAC	64	0x3	823	0	0
gate_proj	RD_MAC	0	0x1	33270	0	0
gate_proj	RD_MAC	0	0x2	33271	0	0
gate_proj	WRVEC	64	0x3	0	0	0
gate_proj	MAC	64	0x3	824	0	0
gate_proj	WRVEC	64	0x3	64	0	0
gate_proj	MAC	64	0x3	825	0	0
gate_proj	RD_MAC	0	0x1	33272	0	0
gate_proj	RD_MAC	0	0x2	33273	0	0
gate_proj	WRVEC	64	0x3	0	0	0
gate_proj	MAC	64	0x3	826	0	0
gate_proj	WRVEC	64	0x3	64	0	0
gate_proj	MAC	64	0x3	827	0	0
gate_proj	RD_MAC	0	0x1	33274	0	0
gate_proj	RD_MAC	0	0x2	33275	0	0
gate_proj	WRVEC	64	0x3	0	0	0
gate_proj	MAC	64	0x3	828	0	0
gate_proj	WRVEC	64	0x3	64	0	0
gate_proj	MAC	64	0x3	829	0	0
gate_proj	RD_MAC	0	0x1	33276	0	0
gate_proj	RD_MAC	0	0x2	33277	0	0
gate_proj	WRVEC	64	0x3	0	0	0
gate_proj	MAC	64	0x3	830	0	0
gate_proj	WRVEC	64	0x3	64	0	0
gate_proj	MAC	64	0x3	831	0	0
gate_proj	RD_MAC	0	0x1	33278	0	0
gate_proj	RD_MAC	0	0x2	33279	0	0
up_proj	WRVEC	64	0x3	0	0	0
up_proj	MAC	64	0x3	832	0	0
up_proj	WRVEC	64	0x3	64	0	0
up_proj	MAC	64	0x3	833	0	0
up_proj	RD_MAC	0	0x1	32768	0	0
up_proj	RD_MAC	0	0x2	32769	0	0
up_proj	WRVEC	64	0x3	0	0	0
up_proj	MAC	64	0x3	834	0	0
up_proj	WRVEC	64	0x3	64	0	0
up_proj	MAC	64	0x3	835	0	0
up_proj	RD_MAC	0	0x1	32770	0	0
up_proj	RD_MAC	0	0x2	32771	0	0
up_proj	WRVEC	64	0x3	0	0	0
up_proj	MAC	64	0x3	836	0	0
up_proj	WRVEC	64	0x3	64	0	0
up_proj	MAC	64	0x3	837	0	0
up_proj	RD_MAC	0	0x1	32772	0	0
up_proj	RD_MAC	0	0x2	32773	0	0
up_proj	WRVEC	64	0x3	0	0	0
up_proj	MAC	64	0x3	838	0	0
up_proj	WRVEC	64	0x3	64	0	0
up_proj	MAC	64	0x3	839	0	0
up_proj	RD_MAC	0	0x1	32774	0	0
up_proj	RD_MAC	0	0x2	32775	0	0
up_proj	WRVEC	64	0x3	0	0	0
up_proj	MAC	64	0x3	840	0	0
up_proj	WRVEC	64	0x3	64	0	0
up_proj	MAC	64	0x3	841	0	0
up_proj	RD_MAC	0	0x1	32776	0	0
up_proj	RD_MAC	0	0x2	32777	0	0
up_proj	WRVEC	64	0x3	0	0	0
up_proj	MAC	64	0x3	842	0	0
up_proj	WRVEC	64	0x3	64	0	0
up_proj	MAC	64	0x3	843	0	0
up_proj	RD_MAC	0	0x1	32778	0	0
up_proj	RD_MAC	0	0x2	32779	0	0
up_proj	WRVEC	64	0x3	0	0	0
up_proj	MAC	64	0x3	844	0	0
up_proj	WRVEC	64	0x3	64	0	0
up_proj	MAC	64	0x3	845	0	0
up_proj	RD_MAC	0	0x1	32780	0	0
up_proj	RD_MAC	0	0x2	32781	0	0
up_proj	WRVEC	64	0x3	0	0	0
up_proj	MAC	64	0x3	846	0	0
up_proj	WRVEC	64	0x3	64	0	0
up_proj	MAC	64	0x3	847	0	0
up_proj	RD_MAC	0	0x1	32782	0	0
up_proj	RD_MAC	0	0x2	32783	0	0
up_proj	WRVEC	64	0x3	0	0	0
up_proj	MAC	64	0x3	848	0	0
up_proj	WRVEC	64	0x3	64	0	0
up_proj	MAC	64	0x3	849	0	0
up_proj	RD_MAC	0	0x1	32784	0	0
up_proj	RD_MAC	0	0x2	32785	0	0
up_proj	WRVEC	64	0x3	0	0	0
up_proj	MAC	64	0x3	850	0	0
up_proj	WRVEC	64	0x3	64	0	0
up_proj	MAC	64	0x3	851	0	0
up_proj	RD_MAC	0	0x1	32786	0	0
up_proj	RD_MAC	0	0x2	32787	0	0
up_proj	WRVEC	64	0x3	0	0	0
up_proj	MAC	64	0x3	852	0	0
up_proj	WRVEC	64	0x3	64	0	0
up_proj	MAC	64	0x3	853	0	0
up_proj	RD_MAC	0	0x1	32788	0	0
up_proj	RD_MAC	0	0x2	32789	0	0
up_proj	WRVEC	64	0x3	0	0	0
up_proj	MAC	64	0x3	854	0	0
up_proj	WRVEC	64	0x3	64	0	0
up_proj	MAC	64	0x3	855	0	0
up_proj	RD_MAC	0	0x1	32790	0	0
up_proj	RD_MAC	0	0x2	32791	0	0
up_proj	WRVEC	64	0x3	0	0	0
up_proj	MAC	64	0x3	856	0	0
up_proj	WRVEC	64	0x3	64	0	0
up_proj	MAC	64	0x3	857	0	0
up_proj	RD_MAC	0	0x1	32792	0	0
up_proj	RD_MAC	0	0x2	32793	0	0
up_proj	WRVEC	64	0x3	0	0	0
up_proj	MAC	64	0x3	858	0	0
up_proj	WRVEC	64	0x3	64	0	0
up_proj	MAC	64	0x3	859	0	0
up_proj	RD_MAC	0	0x1	32794	0	0
up_proj	RD_MAC	0	0x2	32795	0	0
up_proj	WRVEC	64	0x3	0	0	0
up_proj	MAC	64	0x3	860	0	0
up_proj	WRVEC	64	0x3	64	0	0
up_proj	MAC	64	0x3	861	0	0
up_proj	RD_MAC	0	0x1	32796	0	0
up_proj	RD_MAC	0	0x2	32797	0	0
up_proj	WRVEC	64	0x3	0	0	0
up_proj	MAC	64	0x3	862	0	0
up_proj	WRVEC	64	0x3	64	0	0
up_proj	MAC	64	0x3	863	0	0
up_proj	RD_MAC	0	0x1	32798	0	0
up_proj	RD_MAC	0	0x2	32799	0	0
up_proj	WRVEC	64	0x3	0	0	0
up_proj	MAC	64	0x3	864	0	0
up_proj	WRVEC	64	0x3	64	0	0
up_proj	MAC	64	0x3	865	0	0
up_proj	RD_MAC	0	0x1	32800	0	0
up_proj	RD_MAC	0	0x2	32801	0	0
up_proj	WRVEC	64	0x3	0	0	0
up_proj	MAC	64	0x3	866	0	0
up_proj	WRVEC	64	0x3	64	0	0
up_proj	MAC	64	0x3	867	0	0
up_proj	RD_MAC	0	0x1	32802	0	0
up_proj	RD_MAC	0	0x2	32803	0	0
up_proj	WRVEC	64	0x3	0	0	0
up_proj	MAC	64	0x3	868	0	0
up_proj	WRVEC	64	0x3	64	0	0
up_proj	MAC	64	0x3	869	0	0
up_proj	RD_MAC	0	0x1	32804	0	0
up_proj	RD_MAC	0	0x2	32805	0	0
up_proj	WRVEC	64	0x3	0	0	0
up_proj	MAC	64	0x3	870	0	0
up_proj	WRVEC	64	0x3	64	0	0
up_proj	MAC	64	0x3	871	0	0
up_proj	RD_MAC	0	0x1	32806	0	0
up_proj	RD_MAC	0	0x2	32807	0	0
up_proj	WRVEC	64	0x3	0	0	0
up_proj	MAC	64	0x3	872	0	0
up_proj	WRVEC	64	0x3	64	0	0
up_proj	MAC	64	0x3	873	0	0
up_proj	RD_MAC	0	0x1	32808	0	0
up_proj	RD_MAC	0	0x2	32809	0	0
up_proj	WRVEC	64	0x3	0	0	0
up_proj	MAC	64	0x3	874	0	0
up_proj	WRVEC	64	0x3	64	0	0
up_proj	MAC	64	0x3	875	0	0
up_proj	RD_MAC	0	0x1	32810	0	0
up_proj	RD_MAC	0	0x2	32811	0	0
up_proj	WRVEC	64	0x3	0	0	0
up_proj	MAC	64	0x3	876	0	0
up_proj	WRVEC	64	0x3	64	0	0
up_proj	MAC	64	0x3	877	0	0
up_proj	RD_MAC	0	0x1	32812	0	0
up_proj	RD_MAC	0	0x2	32813	0	0
up_proj	WRVEC	64	0x3	0	0	0
up_proj	MAC	64	0x3	878	0	0
up_proj	WRVEC	64	0x3	64	0	0
up_proj	MAC	64	0x3	879	0	0
up_proj	RD_MAC	0	0x1	32814	0	0
up_proj	RD_MAC	0	0x2	32815	0	0
up_proj	WRVEC	64	0x3	0	0	0
up_proj	MAC	64	0x3	880	0	0
up_proj	WRVEC	64	0x3	64	0	0
up_proj	MAC	64	0x3	881	0	0
up_proj	RD_MAC	0	0x1	32816	0	0
up_proj	RD_MAC	0	0x2	32817	0	0
up_proj	WRVEC	64	0x3	0	0	0
up_proj	MAC	64	0x3	882	0	0
up_proj	WRVEC	64	0x3	64	0	0
up_proj	MAC	64	0x3	883	0	0
up_proj	RD_MAC	0	0x1	32818	0	0
up_proj	RD_MAC	0	0x2	32819	0	0
up_proj	WRVEC	64	0x3	0	0	0
up_proj	MAC	64	0x3	884	0	0
up_proj	WRVEC	64	0x3	64	0	0
up_proj	MAC	64	0x3	885	0	0
up_proj	RD_MAC	0	0x1	32820	0	0
up_proj	RD_MAC	0	0x2	32821	0	0
up_proj	WRVEC	64	0x3	0	0	0
up_proj	MAC	64	0x3	886	0	0
up_proj	WRVEC	64	0x3	64	0	0
up_proj	MAC	64	0x3	887	0	0
up_proj	RD_MAC	0	0x1	32822	0	0
up_proj	RD_MAC	0	0x2	32823	0	0
up_proj	WRVEC	64	0x3	0	0	0
up_proj	MAC	64	0x3	888	0	0
up_proj	WRVEC	64	0x3	64	0	0
up_proj	MAC	64	0x3	889	0	0
up_proj	RD_MAC	0	0x1	32824	0	0
up_proj	RD_MAC	0	0x2	32825	0	0
up_proj	WRVEC	64	0x3	0	0	0
up_proj	MAC	64	0x3	890	0	0
up_proj	WRVEC	64	0x3	64	0	0
up_proj	MAC	64	0x3	891	0	0
up_proj	RD_MAC	0	0x1	32826	0	0
up_proj	RD_MAC	0	0x2	32827	0	0
up_proj	WRVEC	64	0x3	0	0	0
up_proj	MAC	64	0x3	892	0	0
up_proj	WRVEC	64	0x3	64	0	0
up_proj	MAC	64	0x3	893	0	0
up_proj	RD_MAC	0	0x1	32828	0	0
up_proj	RD_MAC	0	0x2	32829	0	0
up_proj	WRVEC	64	0x3	0	0	0
up_proj	MAC	64	0x3	894	0	0
up_proj	WRVEC	64	0x3	64	0	0
up_proj	MAC	64	0x3	895	0	0
up_proj	RD_MAC	0	0x1	32830	0	0
up_proj	RD_MAC	0	0x2	32831	0	0
up_proj	WRVEC	64	0x3	0	0	0
up_proj	MAC	64	0x3	896	0	0
up_proj	WRVEC	64	0x3	64	0	0
up_proj	MAC	64	0x3	897	0	0
up_proj	RD_MAC	0	0x1	32832	0	0
up_proj	RD_MAC	0	0x2	32833	0	0
up_proj	WRVEC	64	0x3	0	0	0
up_proj	MAC	64	0x3	898	0	0
up_proj	WRVEC	64	0x3	64	0	0
up_proj	MAC	64	0x3	899	0	0
up_proj	RD_MAC	0	0x1	32834	0	0
up_proj	RD_MAC	0	0x2	32835	0	0
up_proj	WRVEC	64	0x3	0	0	0
up_proj	MAC	64	0x3	900	0	0
up_proj	WRVEC	64	0x3	64	0	0
up_proj	MAC	64	0x3	901	0	0
up_proj	RD_MAC	0	0x1	32836	0	0
up_proj	RD_MAC	0	0x2	32837	0	0
up_proj	WRVEC	64	0x3	0	0	0
up_proj	MAC	64	0x3	902	0	0
up_proj	WRVEC	64	0x3	64	0	0
up_proj	MAC	64	0x3	903	0	0
up_proj	RD_MAC	0	0x1	32838	0	0
up_proj	RD_MAC	0	0x2	32839	0	0
up_proj	WRVEC	64	0x3	0	0	0
up_proj	MAC	64	0x3	904	0	0
up_proj	WRVEC	64	0x3	64	0	0
up_proj	MAC	64	0x3	905	0	0
up_proj	RD_MAC	0	0x1	32840	0	0
up_proj	RD_MAC	0	0x2	32841	0	0
up_proj	WRVEC	64	0x3	0	0	0
up_proj	MAC	64	0x3	906	0	0
up_proj	WRVEC	64	0x3	64	0	0
up_proj	MAC	64	0x3	907	0	0
up_proj	RD_MAC	0	0x1	32842	0	0
up_proj	RD_MAC	0	0x2	32843	0	0
up_proj	WRVEC	64	0x3	0	0	0
up_proj	MAC	64	0x3	908	0	0
up_proj	WRVEC	64	0x3	64	0	0
up_proj	MAC	64	0x3	909	0	0
up_proj	RD_MAC	0	0x1	32844	0	0
up_proj	RD_MAC	0	0x2	32845	0	0
up_proj	WRVEC	64	0x3	0	0	0
up_proj	MAC	64	0x3	910	0	0
up_proj	WRVEC	64	0x3	64	0	0
up_proj	MAC	64	0x3	911	0	0
up_proj	RD_MAC	0	0x1	32846	0	0
up_proj	RD_MAC	0	0x2	32847	0	0
up_proj	WRVEC	64	0x3	0	0	0
up_proj	MAC	64	0x3	912	0	0
up_proj	WRVEC	64	0x3	64	0	0
up_proj	MAC	64	0x3	913	0	0
up_proj	RD_MAC	0	0x1	32848	0	0
up_proj	RD_MAC	0	0x2	32849	0	0
up_proj	WRVEC	64	0x3	0	0	0
up_proj	MAC	64	0x3	914	0	0
up_proj	WRVEC	64	0x3	64	0	0
up_proj	MAC	64	0x3	915	0	0
up_proj	RD_MAC	0	0x1	32850	0	0
up_proj	RD_MAC	0	0x2	32851	0	0
up_proj	WRVEC	64	0x3	0	0	0
up_proj	MAC	64	0x3	916	0	0
up_proj	WRVEC	64	0x3	64	0	0
up_proj	MAC	64	0x3	917	0	0
up_proj	RD_MAC	0	0x1	32852	0	0
up_proj	RD_MAC	0	0x2	32853	0	0
up_proj	WRVEC	64	0x3	0	0	0
up_proj	MAC	64	0x3	918	0	0
up_proj	WRVEC	64	0x3	64	0	0
up_proj	MAC	64	0x3	919	0	0
up_proj	RD_MAC	0	0x1	32854	0	0
up_proj	RD_MAC	0	0x2	32855	0	0
up_proj	WRVEC	64	0x3	0	0	0
up_proj	MAC	64	0x3	920	0	0
up_proj	WRVEC	64	0x3	64	0	0
up_proj	MAC	64	0x3	921	0	0
up_proj	RD_MAC	0	0x1	32856	0	0
up_proj	RD_MAC	0	0x2	32857	0	0
up_proj	WRVEC	64	0x3	0	0	0
up_proj	MAC	64	0x3	922	0	0
up_proj	WRVEC	64	0x3	64	0	0
up_proj	MAC	64	0x3	923	0	0
up_proj	RD_MAC	0	0x1	32858	0	0
up_proj	RD_MAC	0	0x2	32859	0	0
up_proj	WRVEC	64	0x3	0	0	0
up_proj	MAC	64	0x3	924	0	0
up_proj	WRVEC	64	0x3	64	0	0
up_proj	MAC	64	0x3	925	0	0
up_proj	RD_MAC	0	0x1	32860	0	0
up_proj	RD_MAC	0	0x2	32861	0	0
up_proj	WRVEC	64	0x3	0	0	0
up_proj	MAC	64	0x3	926	0	0
up_proj	WRVEC	64	0x3	64	0	0
up_proj	MAC	64	0x3	927	0	0
up_proj	RD_MAC	0	0x1	32862	0	0
up_proj	RD_MAC	0	0x2	32863	0	0
up_proj	WRVEC	64	0x3	0	0	0
up_proj	MAC	64	0x3	928	0	0
up_proj	WRVEC	64	0x3	64	0	0
up_proj	MAC	64	0x3	929	0	0
up_proj	RD_MAC	0	0x1	32864	0	0
up_proj	RD_MAC	0	0x2	32865	0	0
up_proj	WRVEC	64	0x3	0	0	0
up_proj	MAC	64	0x3	930	0	0
up_proj	WRVEC	64	0x3	64	0	0
up_proj	MAC	64	0x3	931	0	0
up_proj	RD_MAC	0	0x1	32866	0	0
up_proj	RD_MAC	0	0x2	32867	0	0
up_proj	WRVEC	64	0x3	0	0	0
up_proj	MAC	64	0x3	932	0	0
up_proj	WRVEC	64	0x3	64	0	0
up_proj	MAC	64	0x3	933	0	0
up_proj	RD_MAC	0	0x1	32868	0	0
up_proj	RD_MAC	0	0x2	32869	0	0
up_proj	WRVEC	64	0x3	0	0	0
up_proj	MAC	64	0x3	934	0	0
up_proj	WRVEC	64	0x3	64	0	0
up_proj	MAC	64	0x3	935	0	0
up_proj	RD_MAC	0	0x1	32870	0	0
up_proj	RD_MAC	0	0x2	32871	0	0
up_proj	WRVEC	64	0x3	0	0	0
up_proj	MAC	64	0x3	936	0	0
up_proj	WRVEC	64	0x3	64	0	0
up_proj	MAC	64	0x3	937	0	0
up_proj	RD_MAC	0	0x1	32872	0	0
up_proj	RD_MAC	0	0x2	32873	0	0
up_proj	WRVEC	64	0x3	0	0	0
up_proj	MAC	64	0x3	938	0	0
up_proj	WRVEC	64	0x3	64	0	0
up_proj	MAC	64	0x3	939	0	0
up_proj	RD_MAC	0	0x1	32874	0	0
up_proj	RD_MAC	0	0x2	32875	0	0
up_proj	WRVEC	64	0x3	0	0	0
up_proj	MAC	64	0x3	940	0	0
up_proj	WRVEC	64	0x3	64	0	0
up_proj	MAC	64	0x3	941	0	0
up_proj	RD_MAC	0	0x1	32876	0	0
up_proj	RD_MAC	0	0x2	32877	0	0
up_proj	WRVEC	64	0x3	0	0	0
up_proj	MAC	64	0x3	942	0	0
up_proj	WRVEC	64	0x3	64	0	0
up_proj	MAC	64	0x3	943	0	0
up_proj	RD_MAC	0	0x1	32878	0	0
up_proj	RD_MAC	0	0x2	32879	0	0
up_proj	WRVEC	64	0x3	0	0	0
up_proj	MAC	64	0x3	944	0	0
up_proj	WRVEC	64	0x3	64	0	0
up_proj	MAC	64	0x3	945	0	0
up_proj	RD_MAC	0	0x1	32880	0	0
up_proj	RD_MAC	0	0x2	32881	0	0
up_proj	WRVEC	64	0x3	0	0	0
up_proj	MAC	64	0x3	946	0	0
up_proj	WRVEC	64	0x3	64	0	0
up_proj	MAC	64	0x3	947	0	0
up_proj	RD_MAC	0	0x1	32882	0	0
up_proj	RD_MAC	0	0x2	32883	0	0
up_proj	WRVEC	64	0x3	0	0	0
up_proj	MAC	64	0x3	948	0	0
up_proj	WRVEC	64	0x3	64	0	0
up_proj	MAC	64	0x3	949	0	0
up_proj	RD_MAC	0	0x1	32884	0	0
up_proj	RD_MAC	0	0x2	32885	0	0
up_proj	WRVEC	64	0x3	0	0	0
up_proj	MAC	64	0x3	950	0	0
up_proj	WRVEC	64	0x3	64	0	0
up_proj	MAC	64	0x3	951	0	0
up_proj	RD_MAC	0	0x1	32886	0	0
up_proj	RD_MAC	0	0x2	32887	0	0
up_proj	WRVEC	64	0x3	0	0	0
up_proj	MAC	64	0x3	952	0	0
up_proj	WRVEC	64	0x3	64	0	0
up_proj	MAC	64	0x3	953	0	0
up_proj	RD_MAC	0	0x1	32888	0	0
up_proj	RD_MAC	0	0x2	32889	0	0
up_proj	WRVEC	64	0x3	0	0	0
up_proj	MAC	64	0x3	954	0	0
up_proj	WRVEC	64	0x3	64	0	0
up_proj	MAC	64	0x3	955	0	0
up_proj	RD_MAC	0	0x1	32890	0	0
up_proj	RD_MAC	0	0x2	32891	0	0
up_proj	WRVEC	64	0x3	0	0	0
up_proj	MAC	64	0x3	956	0	0
up_proj	WRVEC	64	0x3	64	0	0
up_proj	MAC	64	0x3	957	0	0
up_proj	RD_MAC	0	0x1	32892	0	0
up_proj	RD_MAC	0	0x2	32893	0	0
up_proj	WRVEC	64	0x3	0	0	0
up_proj	MAC	64	0x3	958	0	0
up_proj	WRVEC	64	0x3	64	0	0
up_proj	MAC	64	0x3	959	0	0
up_proj	RD_MAC	0	0x1	32894	0	0
up_proj	RD_MAC	0	0x2	32895	0	0
up_proj	WRVEC	64	0x3	0	0	0
up_proj	MAC	64	0x3	960	0	0
up_proj	WRVEC	64	0x3	64	0	0
up_proj	MAC	64	0x3	961	0	0
up_proj	RD_MAC	0	0x1	32896	0	0
up_proj	RD_MAC	0	0x2	32897	0	0
up_proj	WRVEC	64	0x3	0	0	0
up_proj	MAC	64	0x3	962	0	0
up_proj	WRVEC	64	0x3	64	0	0
up_proj	MAC	64	0x3	963	0	0
up_proj	RD_MAC	0	0x1	32898	0	0
up_proj	RD_MAC	0	0x2	32899	0	0
up_proj	WRVEC	64	0x3	0	0	0
up_proj	MAC	64	0x3	964	0	0
up_proj	WRVEC	64	0x3	64	0	0
up_proj	MAC	64	0x3	965	0	0
up_proj	RD_MAC	0	0x1	32900	0	0
up_proj	RD_MAC	0	0x2	32901	0	0
up_proj	WRVEC	64	0x3	0	0	0
up_proj	MAC	64	0x3	966	0	0
up_proj	WRVEC	64	0x3	64	0	0
up_proj	MAC	64	0x3	967	0	0
up_proj	RD_MAC	0	0x1	32902	0	0
up_proj	RD_MAC	0	0x2	32903	0	0
up_proj	WRVEC	64	0x3	0	0	0
up_proj	MAC	64	0x3	968	0	0
up_proj	WRVEC	64	0x3	64	0	0
up_proj	MAC	64	0x3	969	0	0
up_proj	RD_MAC	0	0x1	32904	0	0
up_proj	RD_MAC	0	0x2	32905	0	0
up_proj	WRVEC	64	0x3	0	0	0
up_proj	MAC	64	0x3	970	0	0
up_proj	WRVEC	64	0x3	64	0	0
up_proj	MAC	64	0x3	971	0	0
up_proj	RD_MAC	0	0x1	32906	0	0
up_proj	RD_MAC	0	0x2	32907	0	0
up_proj	WRVEC	64	0x3	0	0	0
up_proj	MAC	64	0x3	972	0	0
up_proj	WRVEC	64	0x3	64	0	0
up_proj	MAC	64	0x3	973	0	0
up_proj	RD_MAC	0	0x1	32908	0	0
up_proj	RD_MAC	0	0x2	32909	0	0
up_proj	WRVEC	64	0x3	0	0	0
up_proj	MAC	64	0x3	974	0	0
up_proj	WRVEC	64	0x3	64	0	0
up_proj	MAC	64	0x3	975	0	0
up_proj	RD_MAC	0	0x1	32910	0	0
up_proj	RD_MAC	0	0x2	32911	0	0
up_proj	WRVEC	64	0x3	0	0	0
up_proj	MAC	64	0x3	976	0	0
up_proj	WRVEC	64	0x3	64	0	0
up_proj	MAC	64	0x3	977	0	0
up_proj	RD_MAC	0	0x1	32912	0	0
up_proj	RD_MAC	0	0x2	32913	0	0
up_proj	WRVEC	64	0x3	0	0	0
up_proj	MAC	64	0x3	978	0	0
up_proj	WRVEC	64	0x3	64	0	0
up_proj	MAC	64	0x3	979	0	0
up_proj	RD_MAC	0	0x1	32914	0	0
up_proj	RD_MAC	0	0x2	32915	0	0
up_proj	WRVEC	64	0x3	0	0	0
up_proj	MAC	64	0x3	980	0	0
up_proj	WRVEC	64	0x3	64	0	0
up_proj	MAC	64	0x3	981	0	0
up_proj	RD_MAC	0	0x1	32916	0	0
up_proj	RD_MAC	0	0x2	32917	0	0
up_proj	WRVEC	64	0x3	0	0	0
up_proj	MAC	64	0x3	982	0	0
up_proj	WRVEC	64	0x3	64	0	0
up_proj	MAC	64	0x3	983	0	0
up_proj	RD_MAC	0	0x1	32918	0	0
up_proj	RD_MAC	0	0x2	32919	0	0
up_proj	WRVEC	64	0x3	0	0	0
up_proj	MAC	64	0x3	984	0	0
up_proj	WRVEC	64	0x3	64	0	0
up_proj	MAC	64	0x3	985	0	0
up_proj	RD_MAC	0	0x1	32920	0	0
up_proj	RD_MAC	0	0x2	32921	0	0
up_proj	WRVEC	64	0x3	0	0	0
up_proj	MAC	64	0x3	986	0	0
up_proj	WRVEC	64	0x3	64	0	0
up_proj	MAC	64	0x3	987	0	0
up_proj	RD_MAC	0	0x1	32922	0	0
up_proj	RD_MAC	0	0x2	32923	0	0
up_proj	WRVEC	64	0x3	0	0	0
up_proj	MAC	64	0x3	988	0	0
up_proj	WRVEC	64	0x3	64	0	0
up_proj	MAC	64	0x3	989	0	0
up_proj	RD_MAC	0	0x1	32924	0	0
up_proj	RD_MAC	0	0x2	32925	0	0
up_proj	WRVEC	64	0x3	0	0	0
up_proj	MAC	64	0x3	990	0	0
up_proj	WRVEC	64	0x3	64	0	0
up_proj	MAC	64	0x3	991	0	0
up_proj	RD_MAC	0	0x1	32926	0	0
up_proj	RD_MAC	0	0x2	32927	0	0
up_proj	WRVEC	64	0x3	0	0	0
up_proj	MAC	64	0x3	992	0	0
up_proj	WRVEC	64	0x3	64	0	0
up_proj	MAC	64	0x3	993	0	0
up_proj	RD_MAC	0	0x1	32928	0	0
up_proj	RD_MAC	0	0x2	32929	0	0
up_proj	WRVEC	64	0x3	0	0	0
up_proj	MAC	64	0x3	994	0	0
up_proj	WRVEC	64	0x3	64	0	0
up_proj	MAC	64	0x3	995	0	0
up_proj	RD_MAC	0	0x1	32930	0	0
up_proj	RD_MAC	0	0x2	32931	0	0
up_proj	WRVEC	64	0x3	0	0	0
up_proj	MAC	64	0x3	996	0	0
up_proj	WRVEC	64	0x3	64	0	0
up_proj	MAC	64	0x3	997	0	0
up_proj	RD_MAC	0	0x1	32932	0	0
up_proj	RD_MAC	0	0x2	32933	0	0
up_proj	WRVEC	64	0x3	0	0	0
up_proj	MAC	64	0x3	998	0	0
up_proj	WRVEC	64	0x3	64	0	0
up_proj	MAC	64	0x3	999	0	0
up_proj	RD_MAC	0	0x1	32934	0	0
up_proj	RD_MAC	0	0x2	32935	0	0
up_proj	WRVEC	64	0x3	0	0	0
up_proj	MAC	64	0x3	1000	0	0
up_proj	WRVEC	64	0x3	64	0	0
up_proj	MAC	64	0x3	1001	0	0
up_proj	RD_MAC	0	0x1	32936	0	0
up_proj	RD_MAC	0	0x2	32937	0	0
up_proj	WRVEC	64	0x3	0	0	0
up_proj	MAC	64	0x3	1002	0	0
up_proj	WRVEC	64	0x3	64	0	0
up_proj	MAC	64	0x3	1003	0	0
up_proj	RD_MAC	0	0x1	32938	0	0
up_proj	RD_MAC	0	0x2	32939	0	0
up_proj	WRVEC	64	0x3	0	0	0
up_proj	MAC	64	0x3	1004	0	0
up_proj	WRVEC	64	0x3	64	0	0
up_proj	MAC	64	0x3	1005	0	0
up_proj	RD_MAC	0	0x1	32940	0	0
up_proj	RD_MAC	0	0x2	32941	0	0
up_proj	WRVEC	64	0x3	0	0	0
up_proj	MAC	64	0x3	1006	0	0
up_proj	WRVEC	64	0x3	64	0	0
up_proj	MAC	64	0x3	1007	0	0
up_proj	RD_MAC	0	0x1	32942	0	0
up_proj	RD_MAC	0	0x2	32943	0	0
up_proj	WRVEC	64	0x3	0	0	0
up_proj	MAC	64	0x3	1008	0	0
up_proj	WRVEC	64	0x3	64	0	0
up_proj	MAC	64	0x3	1009	0	0
up_proj	RD_MAC	0	0x1	32944	0	0
up_proj	RD_MAC	0	0x2	32945	0	0
up_proj	WRVEC	64	0x3	0	0	0
up_proj	MAC	64	0x3	1010	0	0
up_proj	WRVEC	64	0x3	64	0	0
up_proj	MAC	64	0x3	1011	0	0
up_proj	RD_MAC	0	0x1	32946	0	0
up_proj	RD_MAC	0	0x2	32947	0	0
up_proj	WRVEC	64	0x3	0	0	0
up_proj	MAC	64	0x3	1012	0	0
up_proj	WRVEC	64	0x3	64	0	0
up_proj	MAC	64	0x3	1013	0	0
up_proj	RD_MAC	0	0x1	32948	0	0
up_proj	RD_MAC	0	0x2	32949	0	0
up_proj	WRVEC	64	0x3	0	0	0
up_proj	MAC	64	0x3	1014	0	0
up_proj	WRVEC	64	0x3	64	0	0
up_proj	MAC	64	0x3	1015	0	0
up_proj	RD_MAC	0	0x1	32950	0	0
up_proj	RD_MAC	0	0x2	32951	0	0
up_proj	WRVEC	64	0x3	0	0	0
up_proj	MAC	64	0x3	1016	0	0
up_proj	WRVEC	64	0x3	64	0	0
up_proj	MAC	64	0x3	1017	0	0
up_proj	RD_MAC	0	0x1	32952	0	0
up_proj	RD_MAC	0	0x2	32953	0	0
up_proj	WRVEC	64	0x3	0	0	0
up_proj	MAC	64	0x3	1018	0	0
up_proj	WRVEC	64	0x3	64	0	0
up_proj	MAC	64	0x3	1019	0	0
up_proj	RD_MAC	0	0x1	32954	0	0
up_proj	RD_MAC	0	0x2	32955	0	0
up_proj	WRVEC	64	0x3	0	0	0
up_proj	MAC	64	0x3	1020	0	0
up_proj	WRVEC	64	0x3	64	0	0
up_proj	MAC	64	0x3	1021	0	0
up_proj	RD_MAC	0	0x1	32956	0	0
up_proj	RD_MAC	0	0x2	32957	0	0
up_proj	WRVEC	64	0x3	0	0	0
up_proj	MAC	64	0x3	1022	0	0
up_proj	WRVEC	64	0x3	64	0	0
up_proj	MAC	64	0x3	1023	0	0
up_proj	RD_MAC	0	0x1	32958	0	0
up_proj	RD_MAC	0	0x2	32959	0	0
up_proj	WRVEC	64	0x3	0	0	0
up_proj	MAC	64	0x3	1024	0	0
up_proj	WRVEC	64	0x3	64	0	0
up_proj	MAC	64	0x3	1025	0	0
up_proj	RD_MAC	0	0x1	32960	0	0
up_proj	RD_MAC	0	0x2	32961	0	0
up_proj	WRVEC	64	0x3	0	0	0
up_proj	MAC	64	0x3	1026	0	0
up_proj	WRVEC	64	0x3	64	0	0
up_proj	MAC	64	0x3	1027	0	0
up_proj	RD_MAC	0	0x1	32962	0	0
up_proj	RD_MAC	0	0x2	32963	0	0
up_proj	WRVEC	64	0x3	0	0	0
up_proj	MAC	64	0x3	1028	0	0
up_proj	WRVEC	64	0x3	64	0	0
up_proj	MAC	64	0x3	1029	0	0
up_proj	RD_MAC	0	0x1	32964	0	0
up_proj	RD_MAC	0	0x2	32965	0	0
up_proj	WRVEC	64	0x3	0	0	0
up_proj	MAC	64	0x3	1030	0	0
up_proj	WRVEC	64	0x3	64	0	0
up_proj	MAC	64	0x3	1031	0	0
up_proj	RD_MAC	0	0x1	32966	0	0
up_proj	RD_MAC	0	0x2	32967	0	0
up_proj	WRVEC	64	0x3	0	0	0
up_proj	MAC	64	0x3	1032	0	0
up_proj	WRVEC	64	0x3	64	0	0
up_proj	MAC	64	0x3	1033	0	0
up_proj	RD_MAC	0	0x1	32968	0	0
up_proj	RD_MAC	0	0x2	32969	0	0
up_proj	WRVEC	64	0x3	0	0	0
up_proj	MAC	64	0x3	1034	0	0
up_proj	WRVEC	64	0x3	64	0	0
up_proj	MAC	64	0x3	1035	0	0
up_proj	RD_MAC	0	0x1	32970	0	0
up_proj	RD_MAC	0	0x2	32971	0	0
up_proj	WRVEC	64	0x3	0	0	0
up_proj	MAC	64	0x3	1036	0	0
up_proj	WRVEC	64	0x3	64	0	0
up_proj	MAC	64	0x3	1037	0	0
up_proj	RD_MAC	0	0x1	32972	0	0
up_proj	RD_MAC	0	0x2	32973	0	0
up_proj	WRVEC	64	0x3	0	0	0
up_proj	MAC	64	0x3	1038	0	0
up_proj	WRVEC	64	0x3	64	0	0
up_proj	MAC	64	0x3	1039	0	0
up_proj	RD_MAC	0	0x1	32974	0	0
up_proj	RD_MAC	0	0x2	32975	0	0
up_proj	WRVEC	64	0x3	0	0	0
up_proj	MAC	64	0x3	1040	0	0
up_proj	WRVEC	64	0x3	64	0	0
up_proj	MAC	64	0x3	1041	0	0
up_proj	RD_MAC	0	0x1	32976	0	0
up_proj	RD_MAC	0	0x2	32977	0	0
up_proj	WRVEC	64	0x3	0	0	0
up_proj	MAC	64	0x3	1042	0	0
up_proj	WRVEC	64	0x3	64	0	0
up_proj	MAC	64	0x3	1043	0	0
up_proj	RD_MAC	0	0x1	32978	0	0
up_proj	RD_MAC	0	0x2	32979	0	0
up_proj	WRVEC	64	0x3	0	0	0
up_proj	MAC	64	0x3	1044	0	0
up_proj	WRVEC	64	0x3	64	0	0
up_proj	MAC	64	0x3	1045	0	0
up_proj	RD_MAC	0	0x1	32980	0	0
up_proj	RD_MAC	0	0x2	32981	0	0
up_proj	WRVEC	64	0x3	0	0	0
up_proj	MAC	64	0x3	1046	0	0
up_proj	WRVEC	64	0x3	64	0	0
up_proj	MAC	64	0x3	1047	0	0
up_proj	RD_MAC	0	0x1	32982	0	0
up_proj	RD_MAC	0	0x2	32983	0	0
up_proj	WRVEC	64	0x3	0	0	0
up_proj	MAC	64	0x3	1048	0	0
up_proj	WRVEC	64	0x3	64	0	0
up_proj	MAC	64	0x3	1049	0	0
up_proj	RD_MAC	0	0x1	32984	0	0
up_proj	RD_MAC	0	0x2	32985	0	0
up_proj	WRVEC	64	0x3	0	0	0
up_proj	MAC	64	0x3	1050	0	0
up_proj	WRVEC	64	0x3	64	0	0
up_proj	MAC	64	0x3	1051	0	0
up_proj	RD_MAC	0	0x1	32986	0	0
up_proj	RD_MAC	0	0x2	32987	0	0
up_proj	WRVEC	64	0x3	0	0	0
up_proj	MAC	64	0x3	1052	0	0
up_proj	WRVEC	64	0x3	64	0	0
up_proj	MAC	64	0x3	1053	0	0
up_proj	RD_MAC	0	0x1	32988	0	0
up_proj	RD_MAC	0	0x2	32989	0	0
up_proj	WRVEC	64	0x3	0	0	0
up_proj	MAC	64	0x3	1054	0	0
up_proj	WRVEC	64	0x3	64	0	0
up_proj	MAC	64	0x3	1055	0	0
up_proj	RD_MAC	0	0x1	32990	0	0
up_proj	RD_MAC	0	0x2	32991	0	0
up_proj	WRVEC	64	0x3	0	0	0
up_proj	MAC	64	0x3	1056	0	0
up_proj	WRVEC	64	0x3	64	0	0
up_proj	MAC	64	0x3	1057	0	0
up_proj	RD_MAC	0	0x1	32992	0	0
up_proj	RD_MAC	0	0x2	32993	0	0
up_proj	WRVEC	64	0x3	0	0	0
up_proj	MAC	64	0x3	1058	0	0
up_proj	WRVEC	64	0x3	64	0	0
up_proj	MAC	64	0x3	1059	0	0
up_proj	RD_MAC	0	0x1	32994	0	0
up_proj	RD_MAC	0	0x2	32995	0	0
up_proj	WRVEC	64	0x3	0	0	0
up_proj	MAC	64	0x3	1060	0	0
up_proj	WRVEC	64	0x3	64	0	0
up_proj	MAC	64	0x3	1061	0	0
up_proj	RD_MAC	0	0x1	32996	0	0
up_proj	RD_MAC	0	0x2	32997	0	0
up_proj	WRVEC	64	0x3	0	0	0
up_proj	MAC	64	0x3	1062	0	0
up_proj	WRVEC	64	0x3	64	0	0
up_proj	MAC	64	0x3	1063	0	0
up_proj	RD_MAC	0	0x1	32998	0	0
up_proj	RD_MAC	0	0x2	32999	0	0
up_proj	WRVEC	64	0x3	0	0	0
up_proj	MAC	64	0x3	1064	0	0
up_proj	WRVEC	64	0x3	64	0	0
up_proj	MAC	64	0x3	1065	0	0
up_proj	RD_MAC	0	0x1	33000	0	0
up_proj	RD_MAC	0	0x2	33001	0	0
up_proj	WRVEC	64	0x3	0	0	0
up_proj	MAC	64	0x3	1066	0	0
up_proj	WRVEC	64	0x3	64	0	0
up_proj	MAC	64	0x3	1067	0	0
up_proj	RD_MAC	0	0x1	33002	0	0
up_proj	RD_MAC	0	0x2	33003	0	0
up_proj	WRVEC	64	0x3	0	0	0
up_proj	MAC	64	0x3	1068	0	0
up_proj	WRVEC	64	0x3	64	0	0
up_proj	MAC	64	0x3	1069	0	0
up_proj	RD_MAC	0	0x1	33004	0	0
up_proj	RD_MAC	0	0x2	33005	0	0
up_proj	WRVEC	64	0x3	0	0	0
up_proj	MAC	64	0x3	1070	0	0
up_proj	WRVEC	64	0x3	64	0	0
up_proj	MAC	64	0x3	1071	0	0
up_proj	RD_MAC	0	0x1	33006	0	0
up_proj	RD_MAC	0	0x2	33007	0	0
up_proj	WRVEC	64	0x3	0	0	0
up_proj	MAC	64	0x3	1072	0	0
up_proj	WRVEC	64	0x3	64	0	0
up_proj	MAC	64	0x3	1073	0	0
up_proj	RD_MAC	0	0x1	33008	0	0
up_proj	RD_MAC	0	0x2	33009	0	0
up_proj	WRVEC	64	0x3	0	0	0
up_proj	MAC	64	0x3	1074	0	0
up_proj	WRVEC	64	0x3	64	0	0
up_proj	MAC	64	0x3	1075	0	0
up_proj	RD_MAC	0	0x1	33010	0	0
up_proj	RD_MAC	0	0x2	33011	0	0
up_proj	WRVEC	64	0x3	0	0	0
up_proj	MAC	64	0x3	1076	0	0
up_proj	WRVEC	64	0x3	64	0	0
up_proj	MAC	64	0x3	1077	0	0
up_proj	RD_MAC	0	0x1	33012	0	0
up_proj	RD_MAC	0	0x2	33013	0	0
up_proj	WRVEC	64	0x3	0	0	0
up_proj	MAC	64	0x3	1078	0	0
up_proj	WRVEC	64	0x3	64	0	0
up_proj	MAC	64	0x3	1079	0	0
up_proj	RD_MAC	0	0x1	33014	0	0
up_proj	RD_MAC	0	0x2	33015	0	0
up_proj	WRVEC	64	0x3	0	0	0
up_proj	MAC	64	0x3	1080	0	0
up_proj	WRVEC	64	0x3	64	0	0
up_proj	MAC	64	0x3	1081	0	0
up_proj	RD_MAC	0	0x1	33016	0	0
up_proj	RD_MAC	0	0x2	33017	0	0
up_proj	WRVEC	64	0x3	0	0	0
up_proj	MAC	64	0x3	1082	0	0
up_proj	WRVEC	64	0x3	64	0	0
up_proj	MAC	64	0x3	1083	0	0
up_proj	RD_MAC	0	0x1	33018	0	0
up_proj	RD_MAC	0	0x2	33019	0	0
up_proj	WRVEC	64	0x3	0	0	0
up_proj	MAC	64	0x3	1084	0	0
up_proj	WRVEC	64	0x3	64	0	0
up_proj	MAC	64	0x3	1085	0	0
up_proj	RD_MAC	0	0x1	33020	0	0
up_proj	RD_MAC	0	0x2	33021	0	0
up_proj	WRVEC	64	0x3	0	0	0
up_proj	MAC	64	0x3	1086	0	0
up_proj	WRVEC	64	0x3	64	0	0
up_proj	MAC	64	0x3	1087	0	0
up_proj	RD_MAC	0	0x1	33022	0	0
up_proj	RD_MAC	0	0x2	33023	0	0
up_proj	WRVEC	64	0x3	0	0	0
up_proj	MAC	64	0x3	1088	0	0
up_proj	WRVEC	64	0x3	64	0	0
up_proj	MAC	64	0x3	1089	0	0
up_proj	RD_MAC	0	0x1	33024	0	0
up_proj	RD_MAC	0	0x2	33025	0	0
up_proj	WRVEC	64	0x3	0	0	0
up_proj	MAC	64	0x3	1090	0	0
up_proj	WRVEC	64	0x3	64	0	0
up_proj	MAC	64	0x3	1091	0	0
up_proj	RD_MAC	0	0x1	33026	0	0
up_proj	RD_MAC	0	0x2	33027	0	0
up_proj	WRVEC	64	0x3	0	0	0
up_proj	MAC	64	0x3	1092	0	0
up_proj	WRVEC	64	0x3	64	0	0
up_proj	MAC	64	0x3	1093	0	0
up_proj	RD_MAC	0	0x1	33028	0	0
up_proj	RD_MAC	0	0x2	33029	0	0
up_proj	WRVEC	64	0x3	0	0	0
up_proj	MAC	64	0x3	1094	0	0
up_proj	WRVEC	64	0x3	64	0	0
up_proj	MAC	64	0x3	1095	0	0
up_proj	RD_MAC	0	0x1	33030	0	0
up_proj	RD_MAC	0	0x2	33031	0	0
up_proj	WRVEC	64	0x3	0	0	0
up_proj	MAC	64	0x3	1096	0	0
up_proj	WRVEC	64	0x3	64	0	0
up_proj	MAC	64	0x3	1097	0	0
up_proj	RD_MAC	0	0x1	33032	0	0
up_proj	RD_MAC	0	0x2	33033	0	0
up_proj	WRVEC	64	0x3	0	0	0
up_proj	MAC	64	0x3	1098	0	0
up_proj	WRVEC	64	0x3	64	0	0
up_proj	MAC	64	0x3	1099	0	0
up_proj	RD_MAC	0	0x1	33034	0	0
up_proj	RD_MAC	0	0x2	33035	0	0
up_proj	WRVEC	64	0x3	0	0	0
up_proj	MAC	64	0x3	1100	0	0
up_proj	WRVEC	64	0x3	64	0	0
up_proj	MAC	64	0x3	1101	0	0
up_proj	RD_MAC	0	0x1	33036	0	0
up_proj	RD_MAC	0	0x2	33037	0	0
up_proj	WRVEC	64	0x3	0	0	0
up_proj	MAC	64	0x3	1102	0	0
up_proj	WRVEC	64	0x3	64	0	0
up_proj	MAC	64	0x3	1103	0	0
up_proj	RD_MAC	0	0x1	33038	0	0
up_proj	RD_MAC	0	0x2	33039	0	0
up_proj	WRVEC	64	0x3	0	0	0
up_proj	MAC	64	0x3	1104	0	0
up_proj	WRVEC	64	0x3	64	0	0
up_proj	MAC	64	0x3	1105	0	0
up_proj	RD_MAC	0	0x1	33040	0	0
up_proj	RD_MAC	0	0x2	33041	0	0
up_proj	WRVEC	64	0x3	0	0	0
up_proj	MAC	64	0x3	1106	0	0
up_proj	WRVEC	64	0x3	64	0	0
up_proj	MAC	64	0x3	1107	0	0
up_proj	RD_MAC	0	0x1	33042	0	0
up_proj	RD_MAC	0	0x2	33043	0	0
up_proj	WRVEC	64	0x3	0	0	0
up_proj	MAC	64	0x3	1108	0	0
up_proj	WRVEC	64	0x3	64	0	0
up_proj	MAC	64	0x3	1109	0	0
up_proj	RD_MAC	0	0x1	33044	0	0
up_proj	RD_MAC	0	0x2	33045	0	0
up_proj	WRVEC	64	0x3	0	0	0
up_proj	MAC	64	0x3	1110	0	0
up_proj	WRVEC	64	0x3	64	0	0
up_proj	MAC	64	0x3	1111	0	0
up_proj	RD_MAC	0	0x1	33046	0	0
up_proj	RD_MAC	0	0x2	33047	0	0
up_proj	WRVEC	64	0x3	0	0	0
up_proj	MAC	64	0x3	1112	0	0
up_proj	WRVEC	64	0x3	64	0	0
up_proj	MAC	64	0x3	1113	0	0
up_proj	RD_MAC	0	0x1	33048	0	0
up_proj	RD_MAC	0	0x2	33049	0	0
up_proj	WRVEC	64	0x3	0	0	0
up_proj	MAC	64	0x3	1114	0	0
up_proj	WRVEC	64	0x3	64	0	0
up_proj	MAC	64	0x3	1115	0	0
up_proj	RD_MAC	0	0x1	33050	0	0
up_proj	RD_MAC	0	0x2	33051	0	0
up_proj	WRVEC	64	0x3	0	0	0
up_proj	MAC	64	0x3	1116	0	0
up_proj	WRVEC	64	0x3	64	0	0
up_proj	MAC	64	0x3	1117	0	0
up_proj	RD_MAC	0	0x1	33052	0	0
up_proj	RD_MAC	0	0x2	33053	0	0
up_proj	WRVEC	64	0x3	0	0	0
up_proj	MAC	64	0x3	1118	0	0
up_proj	WRVEC	64	0x3	64	0	0
up_proj	MAC	64	0x3	1119	0	0
up_proj	RD_MAC	0	0x1	33054	0	0
up_proj	RD_MAC	0	0x2	33055	0	0
up_proj	WRVEC	64	0x3	0	0	0
up_proj	MAC	64	0x3	1120	0	0
up_proj	WRVEC	64	0x3	64	0	0
up_proj	MAC	64	0x3	1121	0	0
up_proj	RD_MAC	0	0x1	33056	0	0
up_proj	RD_MAC	0	0x2	33057	0	0
up_proj	WRVEC	64	0x3	0	0	0
up_proj	MAC	64	0x3	1122	0	0
up_proj	WRVEC	64	0x3	64	0	0
up_proj	MAC	64	0x3	1123	0	0
up_proj	RD_MAC	0	0x1	33058	0	0
up_proj	RD_MAC	0	0x2	33059	0	0
up_proj	WRVEC	64	0x3	0	0	0
up_proj	MAC	64	0x3	1124	0	0
up_proj	WRVEC	64	0x3	64	0	0
up_proj	MAC	64	0x3	1125	0	0
up_proj	RD_MAC	0	0x1	33060	0	0
up_proj	RD_MAC	0	0x2	33061	0	0
up_proj	WRVEC	64	0x3	0	0	0
up_proj	MAC	64	0x3	1126	0	0
up_proj	WRVEC	64	0x3	64	0	0
up_proj	MAC	64	0x3	1127	0	0
up_proj	RD_MAC	0	0x1	33062	0	0
up_proj	RD_MAC	0	0x2	33063	0	0
up_proj	WRVEC	64	0x3	0	0	0
up_proj	MAC	64	0x3	1128	0	0
up_proj	WRVEC	64	0x3	64	0	0
up_proj	MAC	64	0x3	1129	0	0
up_proj	RD_MAC	0	0x1	33064	0	0
up_proj	RD_MAC	0	0x2	33065	0	0
up_proj	WRVEC	64	0x3	0	0	0
up_proj	MAC	64	0x3	1130	0	0
up_proj	WRVEC	64	0x3	64	0	0
up_proj	MAC	64	0x3	1131	0	0
up_proj	RD_MAC	0	0x1	33066	0	0
up_proj	RD_MAC	0	0x2	33067	0	0
up_proj	WRVEC	64	0x3	0	0	0
up_proj	MAC	64	0x3	1132	0	0
up_proj	WRVEC	64	0x3	64	0	0
up_proj	MAC	64	0x3	1133	0	0
up_proj	RD_MAC	0	0x1	33068	0	0
up_proj	RD_MAC	0	0x2	33069	0	0
up_proj	WRVEC	64	0x3	0	0	0
up_proj	MAC	64	0x3	1134	0	0
up_proj	WRVEC	64	0x3	64	0	0
up_proj	MAC	64	0x3	1135	0	0
up_proj	RD_MAC	0	0x1	33070	0	0
up_proj	RD_MAC	0	0x2	33071	0	0
up_proj	WRVEC	64	0x3	0	0	0
up_proj	MAC	64	0x3	1136	0	0
up_proj	WRVEC	64	0x3	64	0	0
up_proj	MAC	64	0x3	1137	0	0
up_proj	RD_MAC	0	0x1	33072	0	0
up_proj	RD_MAC	0	0x2	33073	0	0
up_proj	WRVEC	64	0x3	0	0	0
up_proj	MAC	64	0x3	1138	0	0
up_proj	WRVEC	64	0x3	64	0	0
up_proj	MAC	64	0x3	1139	0	0
up_proj	RD_MAC	0	0x1	33074	0	0
up_proj	RD_MAC	0	0x2	33075	0	0
up_proj	WRVEC	64	0x3	0	0	0
up_proj	MAC	64	0x3	1140	0	0
up_proj	WRVEC	64	0x3	64	0	0
up_proj	MAC	64	0x3	1141	0	0
up_proj	RD_MAC	0	0x1	33076	0	0
up_proj	RD_MAC	0	0x2	33077	0	0
up_proj	WRVEC	64	0x3	0	0	0
up_proj	MAC	64	0x3	1142	0	0
up_proj	WRVEC	64	0x3	64	0	0
up_proj	MAC	64	0x3	1143	0	0
up_proj	RD_MAC	0	0x1	33078	0	0
up_proj	RD_MAC	0	0x2	33079	0	0
up_proj	WRVEC	64	0x3	0	0	0
up_proj	MAC	64	0x3	1144	0	0
up_proj	WRVEC	64	0x3	64	0	0
up_proj	MAC	64	0x3	1145	0	0
up_proj	RD_MAC	0	0x1	33080	0	0
up_proj	RD_MAC	0	0x2	33081	0	0
up_proj	WRVEC	64	0x3	0	0	0
up_proj	MAC	64	0x3	1146	0	0
up_proj	WRVEC	64	0x3	64	0	0
up_proj	MAC	64	0x3	1147	0	0
up_proj	RD_MAC	0	0x1	33082	0	0
up_proj	RD_MAC	0	0x2	33083	0	0
up_proj	WRVEC	64	0x3	0	0	0
up_proj	MAC	64	0x3	1148	0	0
up_proj	WRVEC	64	0x3	64	0	0
up_proj	MAC	64	0x3	1149	0	0
up_proj	RD_MAC	0	0x1	33084	0	0
up_proj	RD_MAC	0	0x2	33085	0	0
up_proj	WRVEC	64	0x3	0	0	0
up_proj	MAC	64	0x3	1150	0	0
up_proj	WRVEC	64	0x3	64	0	0
up_proj	MAC	64	0x3	1151	0	0
up_proj	RD_MAC	0	0x1	33086	0	0
up_proj	RD_MAC	0	0x2	33087	0	0
up_proj	WRVEC	64	0x3	0	0	0
up_proj	MAC	64	0x3	1152	0	0
up_proj	WRVEC	64	0x3	64	0	0
up_proj	MAC	64	0x3	1153	0	0
up_proj	RD_MAC	0	0x1	33088	0	0
up_proj	RD_MAC	0	0x2	33089	0	0
up_proj	WRVEC	64	0x3	0	0	0
up_proj	MAC	64	0x3	1154	0	0
up_proj	WRVEC	64	0x3	64	0	0
up_proj	MAC	64	0x3	1155	0	0
up_proj	RD_MAC	0	0x1	33090	0	0
up_proj	RD_MAC	0	0x2	33091	0	0
up_proj	WRVEC	64	0x3	0	0	0
up_proj	MAC	64	0x3	1156	0	0
up_proj	WRVEC	64	0x3	64	0	0
up_proj	MAC	64	0x3	1157	0	0
up_proj	RD_MAC	0	0x1	33092	0	0
up_proj	RD_MAC	0	0x2	33093	0	0
up_proj	WRVEC	64	0x3	0	0	0
up_proj	MAC	64	0x3	1158	0	0
up_proj	WRVEC	64	0x3	64	0	0
up_proj	MAC	64	0x3	1159	0	0
up_proj	RD_MAC	0	0x1	33094	0	0
up_proj	RD_MAC	0	0x2	33095	0	0
up_proj	WRVEC	64	0x3	0	0	0
up_proj	MAC	64	0x3	1160	0	0
up_proj	WRVEC	64	0x3	64	0	0
up_proj	MAC	64	0x3	1161	0	0
up_proj	RD_MAC	0	0x1	33096	0	0
up_proj	RD_MAC	0	0x2	33097	0	0
up_proj	WRVEC	64	0x3	0	0	0
up_proj	MAC	64	0x3	1162	0	0
up_proj	WRVEC	64	0x3	64	0	0
up_proj	MAC	64	0x3	1163	0	0
up_proj	RD_MAC	0	0x1	33098	0	0
up_proj	RD_MAC	0	0x2	33099	0	0
up_proj	WRVEC	64	0x3	0	0	0
up_proj	MAC	64	0x3	1164	0	0
up_proj	WRVEC	64	0x3	64	0	0
up_proj	MAC	64	0x3	1165	0	0
up_proj	RD_MAC	0	0x1	33100	0	0
up_proj	RD_MAC	0	0x2	33101	0	0
up_proj	WRVEC	64	0x3	0	0	0
up_proj	MAC	64	0x3	1166	0	0
up_proj	WRVEC	64	0x3	64	0	0
up_proj	MAC	64	0x3	1167	0	0
up_proj	RD_MAC	0	0x1	33102	0	0
up_proj	RD_MAC	0	0x2	33103	0	0
up_proj	WRVEC	64	0x3	0	0	0
up_proj	MAC	64	0x3	1168	0	0
up_proj	WRVEC	64	0x3	64	0	0
up_proj	MAC	64	0x3	1169	0	0
up_proj	RD_MAC	0	0x1	33104	0	0
up_proj	RD_MAC	0	0x2	33105	0	0
up_proj	WRVEC	64	0x3	0	0	0
up_proj	MAC	64	0x3	1170	0	0
up_proj	WRVEC	64	0x3	64	0	0
up_proj	MAC	64	0x3	1171	0	0
up_proj	RD_MAC	0	0x1	33106	0	0
up_proj	RD_MAC	0	0x2	33107	0	0
up_proj	WRVEC	64	0x3	0	0	0
up_proj	MAC	64	0x3	1172	0	0
up_proj	WRVEC	64	0x3	64	0	0
up_proj	MAC	64	0x3	1173	0	0
up_proj	RD_MAC	0	0x1	33108	0	0
up_proj	RD_MAC	0	0x2	33109	0	0
up_proj	WRVEC	64	0x3	0	0	0
up_proj	MAC	64	0x3	1174	0	0
up_proj	WRVEC	64	0x3	64	0	0
up_proj	MAC	64	0x3	1175	0	0
up_proj	RD_MAC	0	0x1	33110	0	0
up_proj	RD_MAC	0	0x2	33111	0	0
up_proj	WRVEC	64	0x3	0	0	0
up_proj	MAC	64	0x3	1176	0	0
up_proj	WRVEC	64	0x3	64	0	0
up_proj	MAC	64	0x3	1177	0	0
up_proj	RD_MAC	0	0x1	33112	0	0
up_proj	RD_MAC	0	0x2	33113	0	0
up_proj	WRVEC	64	0x3	0	0	0
up_proj	MAC	64	0x3	1178	0	0
up_proj	WRVEC	64	0x3	64	0	0
up_proj	MAC	64	0x3	1179	0	0
up_proj	RD_MAC	0	0x1	33114	0	0
up_proj	RD_MAC	0	0x2	33115	0	0
up_proj	WRVEC	64	0x3	0	0	0
up_proj	MAC	64	0x3	1180	0	0
up_proj	WRVEC	64	0x3	64	0	0
up_proj	MAC	64	0x3	1181	0	0
up_proj	RD_MAC	0	0x1	33116	0	0
up_proj	RD_MAC	0	0x2	33117	0	0
up_proj	WRVEC	64	0x3	0	0	0
up_proj	MAC	64	0x3	1182	0	0
up_proj	WRVEC	64	0x3	64	0	0
up_proj	MAC	64	0x3	1183	0	0
up_proj	RD_MAC	0	0x1	33118	0	0
up_proj	RD_MAC	0	0x2	33119	0	0
up_proj	WRVEC	64	0x3	0	0	0
up_proj	MAC	64	0x3	1184	0	0
up_proj	WRVEC	64	0x3	64	0	0
up_proj	MAC	64	0x3	1185	0	0
up_proj	RD_MAC	0	0x1	33120	0	0
up_proj	RD_MAC	0	0x2	33121	0	0
up_proj	WRVEC	64	0x3	0	0	0
up_proj	MAC	64	0x3	1186	0	0
up_proj	WRVEC	64	0x3	64	0	0
up_proj	MAC	64	0x3	1187	0	0
up_proj	RD_MAC	0	0x1	33122	0	0
up_proj	RD_MAC	0	0x2	33123	0	0
up_proj	WRVEC	64	0x3	0	0	0
up_proj	MAC	64	0x3	1188	0	0
up_proj	WRVEC	64	0x3	64	0	0
up_proj	MAC	64	0x3	1189	0	0
up_proj	RD_MAC	0	0x1	33124	0	0
up_proj	RD_MAC	0	0x2	33125	0	0
up_proj	WRVEC	64	0x3	0	0	0
up_proj	MAC	64	0x3	1190	0	0
up_proj	WRVEC	64	0x3	64	0	0
up_proj	MAC	64	0x3	1191	0	0
up_proj	RD_MAC	0	0x1	33126	0	0
up_proj	RD_MAC	0	0x2	33127	0	0
up_proj	WRVEC	64	0x3	0	0	0
up_proj	MAC	64	0x3	1192	0	0
up_proj	WRVEC	64	0x3	64	0	0
up_proj	MAC	64	0x3	1193	0	0
up_proj	RD_MAC	0	0x1	33128	0	0
up_proj	RD_MAC	0	0x2	33129	0	0
up_proj	WRVEC	64	0x3	0	0	0
up_proj	MAC	64	0x3	1194	0	0
up_proj	WRVEC	64	0x3	64	0	0
up_proj	MAC	64	0x3	1195	0	0
up_proj	RD_MAC	0	0x1	33130	0	0
up_proj	RD_MAC	0	0x2	33131	0	0
up_proj	WRVEC	64	0x3	0	0	0
up_proj	MAC	64	0x3	1196	0	0
up_proj	WRVEC	64	0x3	64	0	0
up_proj	MAC	64	0x3	1197	0	0
up_proj	RD_MAC	0	0x1	33132	0	0
up_proj	RD_MAC	0	0x2	33133	0	0
up_proj	WRVEC	64	0x3	0	0	0
up_proj	MAC	64	0x3	1198	0	0
up_proj	WRVEC	64	0x3	64	0	0
up_proj	MAC	64	0x3	1199	0	0
up_proj	RD_MAC	0	0x1	33134	0	0
up_proj	RD_MAC	0	0x2	33135	0	0
up_proj	WRVEC	64	0x3	0	0	0
up_proj	MAC	64	0x3	1200	0	0
up_proj	WRVEC	64	0x3	64	0	0
up_proj	MAC	64	0x3	1201	0	0
up_proj	RD_MAC	0	0x1	33136	0	0
up_proj	RD_MAC	0	0x2	33137	0	0
up_proj	WRVEC	64	0x3	0	0	0
up_proj	MAC	64	0x3	1202	0	0
up_proj	WRVEC	64	0x3	64	0	0
up_proj	MAC	64	0x3	1203	0	0
up_proj	RD_MAC	0	0x1	33138	0	0
up_proj	RD_MAC	0	0x2	33139	0	0
up_proj	WRVEC	64	0x3	0	0	0
up_proj	MAC	64	0x3	1204	0	0
up_proj	WRVEC	64	0x3	64	0	0
up_proj	MAC	64	0x3	1205	0	0
up_proj	RD_MAC	0	0x1	33140	0	0
up_proj	RD_MAC	0	0x2	33141	0	0
up_proj	WRVEC	64	0x3	0	0	0
up_proj	MAC	64	0x3	1206	0	0
up_proj	WRVEC	64	0x3	64	0	0
up_proj	MAC	64	0x3	1207	0	0
up_proj	RD_MAC	0	0x1	33142	0	0
up_proj	RD_MAC	0	0x2	33143	0	0
up_proj	WRVEC	64	0x3	0	0	0
up_proj	MAC	64	0x3	1208	0	0
up_proj	WRVEC	64	0x3	64	0	0
up_proj	MAC	64	0x3	1209	0	0
up_proj	RD_MAC	0	0x1	33144	0	0
up_proj	RD_MAC	0	0x2	33145	0	0
up_proj	WRVEC	64	0x3	0	0	0
up_proj	MAC	64	0x3	1210	0	0
up_proj	WRVEC	64	0x3	64	0	0
up_proj	MAC	64	0x3	1211	0	0
up_proj	RD_MAC	0	0x1	33146	0	0
up_proj	RD_MAC	0	0x2	33147	0	0
up_proj	WRVEC	64	0x3	0	0	0
up_proj	MAC	64	0x3	1212	0	0
up_proj	WRVEC	64	0x3	64	0	0
up_proj	MAC	64	0x3	1213	0	0
up_proj	RD_MAC	0	0x1	33148	0	0
up_proj	RD_MAC	0	0x2	33149	0	0
up_proj	WRVEC	64	0x3	0	0	0
up_proj	MAC	64	0x3	1214	0	0
up_proj	WRVEC	64	0x3	64	0	0
up_proj	MAC	64	0x3	1215	0	0
up_proj	RD_MAC	0	0x1	33150	0	0
up_proj	RD_MAC	0	0x2	33151	0	0
up_proj	WRVEC	64	0x3	0	0	0
up_proj	MAC	64	0x3	1216	0	0
up_proj	WRVEC	64	0x3	64	0	0
up_proj	MAC	64	0x3	1217	0	0
up_proj	RD_MAC	0	0x1	33152	0	0
up_proj	RD_MAC	0	0x2	33153	0	0
up_proj	WRVEC	64	0x3	0	0	0
up_proj	MAC	64	0x3	1218	0	0
up_proj	WRVEC	64	0x3	64	0	0
up_proj	MAC	64	0x3	1219	0	0
up_proj	RD_MAC	0	0x1	33154	0	0
up_proj	RD_MAC	0	0x2	33155	0	0
up_proj	WRVEC	64	0x3	0	0	0
up_proj	MAC	64	0x3	1220	0	0
up_proj	WRVEC	64	0x3	64	0	0
up_proj	MAC	64	0x3	1221	0	0
up_proj	RD_MAC	0	0x1	33156	0	0
up_proj	RD_MAC	0	0x2	33157	0	0
up_proj	WRVEC	64	0x3	0	0	0
up_proj	MAC	64	0x3	1222	0	0
up_proj	WRVEC	64	0x3	64	0	0
up_proj	MAC	64	0x3	1223	0	0
up_proj	RD_MAC	0	0x1	33158	0	0
up_proj	RD_MAC	0	0x2	33159	0	0
up_proj	WRVEC	64	0x3	0	0	0
up_proj	MAC	64	0x3	1224	0	0
up_proj	WRVEC	64	0x3	64	0	0
up_proj	MAC	64	0x3	1225	0	0
up_proj	RD_MAC	0	0x1	33160	0	0
up_proj	RD_MAC	0	0x2	33161	0	0
up_proj	WRVEC	64	0x3	0	0	0
up_proj	MAC	64	0x3	1226	0	0
up_proj	WRVEC	64	0x3	64	0	0
up_proj	MAC	64	0x3	1227	0	0
up_proj	RD_MAC	0	0x1	33162	0	0
up_proj	RD_MAC	0	0x2	33163	0	0
up_proj	WRVEC	64	0x3	0	0	0
up_proj	MAC	64	0x3	1228	0	0
up_proj	WRVEC	64	0x3	64	0	0
up_proj	MAC	64	0x3	1229	0	0
up_proj	RD_MAC	0	0x1	33164	0	0
up_proj	RD_MAC	0	0x2	33165	0	0
up_proj	WRVEC	64	0x3	0	0	0
up_proj	MAC	64	0x3	1230	0	0
up_proj	WRVEC	64	0x3	64	0	0
up_proj	MAC	64	0x3	1231	0	0
up_proj	RD_MAC	0	0x1	33166	0	0
up_proj	RD_MAC	0	0x2	33167	0	0
up_proj	WRVEC	64	0x3	0	0	0
up_proj	MAC	64	0x3	1232	0	0
up_proj	WRVEC	64	0x3	64	0	0
up_proj	MAC	64	0x3	1233	0	0
up_proj	RD_MAC	0	0x1	33168	0	0
up_proj	RD_MAC	0	0x2	33169	0	0
up_proj	WRVEC	64	0x3	0	0	0
up_proj	MAC	64	0x3	1234	0	0
up_proj	WRVEC	64	0x3	64	0	0
up_proj	MAC	64	0x3	1235	0	0
up_proj	RD_MAC	0	0x1	33170	0	0
up_proj	RD_MAC	0	0x2	33171	0	0
up_proj	WRVEC	64	0x3	0	0	0
up_proj	MAC	64	0x3	1236	0	0
up_proj	WRVEC	64	0x3	64	0	0
up_proj	MAC	64	0x3	1237	0	0
up_proj	RD_MAC	0	0x1	33172	0	0
up_proj	RD_MAC	0	0x2	33173	0	0
up_proj	WRVEC	64	0x3	0	0	0
up_proj	MAC	64	0x3	1238	0	0
up_proj	WRVEC	64	0x3	64	0	0
up_proj	MAC	64	0x3	1239	0	0
up_proj	RD_MAC	0	0x1	33174	0	0
up_proj	RD_MAC	0	0x2	33175	0	0
up_proj	WRVEC	64	0x3	0	0	0
up_proj	MAC	64	0x3	1240	0	0
up_proj	WRVEC	64	0x3	64	0	0
up_proj	MAC	64	0x3	1241	0	0
up_proj	RD_MAC	0	0x1	33176	0	0
up_proj	RD_MAC	0	0x2	33177	0	0
up_proj	WRVEC	64	0x3	0	0	0
up_proj	MAC	64	0x3	1242	0	0
up_proj	WRVEC	64	0x3	64	0	0
up_proj	MAC	64	0x3	1243	0	0
up_proj	RD_MAC	0	0x1	33178	0	0
up_proj	RD_MAC	0	0x2	33179	0	0
up_proj	WRVEC	64	0x3	0	0	0
up_proj	MAC	64	0x3	1244	0	0
up_proj	WRVEC	64	0x3	64	0	0
up_proj	MAC	64	0x3	1245	0	0
up_proj	RD_MAC	0	0x1	33180	0	0
up_proj	RD_MAC	0	0x2	33181	0	0
up_proj	WRVEC	64	0x3	0	0	0
up_proj	MAC	64	0x3	1246	0	0
up_proj	WRVEC	64	0x3	64	0	0
up_proj	MAC	64	0x3	1247	0	0
up_proj	RD_MAC	0	0x1	33182	0	0
up_proj	RD_MAC	0	0x2	33183	0	0
up_proj	WRVEC	64	0x3	0	0	0
up_proj	MAC	64	0x3	1248	0	0
up_proj	WRVEC	64	0x3	64	0	0
up_proj	MAC	64	0x3	1249	0	0
up_proj	RD_MAC	0	0x1	33184	0	0
up_proj	RD_MAC	0	0x2	33185	0	0
up_proj	WRVEC	64	0x3	0	0	0
up_proj	MAC	64	0x3	1250	0	0
up_proj	WRVEC	64	0x3	64	0	0
up_proj	MAC	64	0x3	1251	0	0
up_proj	RD_MAC	0	0x1	33186	0	0
up_proj	RD_MAC	0	0x2	33187	0	0
up_proj	WRVEC	64	0x3	0	0	0
up_proj	MAC	64	0x3	1252	0	0
up_proj	WRVEC	64	0x3	64	0	0
up_proj	MAC	64	0x3	1253	0	0
up_proj	RD_MAC	0	0x1	33188	0	0
up_proj	RD_MAC	0	0x2	33189	0	0
up_proj	WRVEC	64	0x3	0	0	0
up_proj	MAC	64	0x3	1254	0	0
up_proj	WRVEC	64	0x3	64	0	0
up_proj	MAC	64	0x3	1255	0	0
up_proj	RD_MAC	0	0x1	33190	0	0
up_proj	RD_MAC	0	0x2	33191	0	0
up_proj	WRVEC	64	0x3	0	0	0
up_proj	MAC	64	0x3	1256	0	0
up_proj	WRVEC	64	0x3	64	0	0
up_proj	MAC	64	0x3	1257	0	0
up_proj	RD_MAC	0	0x1	33192	0	0
up_proj	RD_MAC	0	0x2	33193	0	0
up_proj	WRVEC	64	0x3	0	0	0
up_proj	MAC	64	0x3	1258	0	0
up_proj	WRVEC	64	0x3	64	0	0
up_proj	MAC	64	0x3	1259	0	0
up_proj	RD_MAC	0	0x1	33194	0	0
up_proj	RD_MAC	0	0x2	33195	0	0
up_proj	WRVEC	64	0x3	0	0	0
up_proj	MAC	64	0x3	1260	0	0
up_proj	WRVEC	64	0x3	64	0	0
up_proj	MAC	64	0x3	1261	0	0
up_proj	RD_MAC	0	0x1	33196	0	0
up_proj	RD_MAC	0	0x2	33197	0	0
up_proj	WRVEC	64	0x3	0	0	0
up_proj	MAC	64	0x3	1262	0	0
up_proj	WRVEC	64	0x3	64	0	0
up_proj	MAC	64	0x3	1263	0	0
up_proj	RD_MAC	0	0x1	33198	0	0
up_proj	RD_MAC	0	0x2	33199	0	0
up_proj	WRVEC	64	0x3	0	0	0
up_proj	MAC	64	0x3	1264	0	0
up_proj	WRVEC	64	0x3	64	0	0
up_proj	MAC	64	0x3	1265	0	0
up_proj	RD_MAC	0	0x1	33200	0	0
up_proj	RD_MAC	0	0x2	33201	0	0
up_proj	WRVEC	64	0x3	0	0	0
up_proj	MAC	64	0x3	1266	0	0
up_proj	WRVEC	64	0x3	64	0	0
up_proj	MAC	64	0x3	1267	0	0
up_proj	RD_MAC	0	0x1	33202	0	0
up_proj	RD_MAC	0	0x2	33203	0	0
up_proj	WRVEC	64	0x3	0	0	0
up_proj	MAC	64	0x3	1268	0	0
up_proj	WRVEC	64	0x3	64	0	0
up_proj	MAC	64	0x3	1269	0	0
up_proj	RD_MAC	0	0x1	33204	0	0
up_proj	RD_MAC	0	0x2	33205	0	0
up_proj	WRVEC	64	0x3	0	0	0
up_proj	MAC	64	0x3	1270	0	0
up_proj	WRVEC	64	0x3	64	0	0
up_proj	MAC	64	0x3	1271	0	0
up_proj	RD_MAC	0	0x1	33206	0	0
up_proj	RD_MAC	0	0x2	33207	0	0
up_proj	WRVEC	64	0x3	0	0	0
up_proj	MAC	64	0x3	1272	0	0
up_proj	WRVEC	64	0x3	64	0	0
up_proj	MAC	64	0x3	1273	0	0
up_proj	RD_MAC	0	0x1	33208	0	0
up_proj	RD_MAC	0	0x2	33209	0	0
up_proj	WRVEC	64	0x3	0	0	0
up_proj	MAC	64	0x3	1274	0	0
up_proj	WRVEC	64	0x3	64	0	0
up_proj	MAC	64	0x3	1275	0	0
up_proj	RD_MAC	0	0x1	33210	0	0
up_proj	RD_MAC	0	0x2	33211	0	0
up_proj	WRVEC	64	0x3	0	0	0
up_proj	MAC	64	0x3	1276	0	0
up_proj	WRVEC	64	0x3	64	0	0
up_proj	MAC	64	0x3	1277	0	0
up_proj	RD_MAC	0	0x1	33212	0	0
up_proj	RD_MAC	0	0x2	33213	0	0
up_proj	WRVEC	64	0x3	0	0	0
up_proj	MAC	64	0x3	1278	0	0
up_proj	WRVEC	64	0x3	64	0	0
up_proj	MAC	64	0x3	1279	0	0
up_proj	RD_MAC	0	0x1	33214	0	0
up_proj	RD_MAC	0	0x2	33215	0	0
up_proj	WRVEC	64	0x3	0	0	0
up_proj	MAC	64	0x3	1280	0	0
up_proj	WRVEC	64	0x3	64	0	0
up_proj	MAC	64	0x3	1281	0	0
up_proj	RD_MAC	0	0x1	33216	0	0
up_proj	RD_MAC	0	0x2	33217	0	0
up_proj	WRVEC	64	0x3	0	0	0
up_proj	MAC	64	0x3	1282	0	0
up_proj	WRVEC	64	0x3	64	0	0
up_proj	MAC	64	0x3	1283	0	0
up_proj	RD_MAC	0	0x1	33218	0	0
up_proj	RD_MAC	0	0x2	33219	0	0
up_proj	WRVEC	64	0x3	0	0	0
up_proj	MAC	64	0x3	1284	0	0
up_proj	WRVEC	64	0x3	64	0	0
up_proj	MAC	64	0x3	1285	0	0
up_proj	RD_MAC	0	0x1	33220	0	0
up_proj	RD_MAC	0	0x2	33221	0	0
up_proj	WRVEC	64	0x3	0	0	0
up_proj	MAC	64	0x3	1286	0	0
up_proj	WRVEC	64	0x3	64	0	0
up_proj	MAC	64	0x3	1287	0	0
up_proj	RD_MAC	0	0x1	33222	0	0
up_proj	RD_MAC	0	0x2	33223	0	0
up_proj	WRVEC	64	0x3	0	0	0
up_proj	MAC	64	0x3	1288	0	0
up_proj	WRVEC	64	0x3	64	0	0
up_proj	MAC	64	0x3	1289	0	0
up_proj	RD_MAC	0	0x1	33224	0	0
up_proj	RD_MAC	0	0x2	33225	0	0
up_proj	WRVEC	64	0x3	0	0	0
up_proj	MAC	64	0x3	1290	0	0
up_proj	WRVEC	64	0x3	64	0	0
up_proj	MAC	64	0x3	1291	0	0
up_proj	RD_MAC	0	0x1	33226	0	0
up_proj	RD_MAC	0	0x2	33227	0	0
up_proj	WRVEC	64	0x3	0	0	0
up_proj	MAC	64	0x3	1292	0	0
up_proj	WRVEC	64	0x3	64	0	0
up_proj	MAC	64	0x3	1293	0	0
up_proj	RD_MAC	0	0x1	33228	0	0
up_proj	RD_MAC	0	0x2	33229	0	0
up_proj	WRVEC	64	0x3	0	0	0
up_proj	MAC	64	0x3	1294	0	0
up_proj	WRVEC	64	0x3	64	0	0
up_proj	MAC	64	0x3	1295	0	0
up_proj	RD_MAC	0	0x1	33230	0	0
up_proj	RD_MAC	0	0x2	33231	0	0
up_proj	WRVEC	64	0x3	0	0	0
up_proj	MAC	64	0x3	1296	0	0
up_proj	WRVEC	64	0x3	64	0	0
up_proj	MAC	64	0x3	1297	0	0
up_proj	RD_MAC	0	0x1	33232	0	0
up_proj	RD_MAC	0	0x2	33233	0	0
up_proj	WRVEC	64	0x3	0	0	0
up_proj	MAC	64	0x3	1298	0	0
up_proj	WRVEC	64	0x3	64	0	0
up_proj	MAC	64	0x3	1299	0	0
up_proj	RD_MAC	0	0x1	33234	0	0
up_proj	RD_MAC	0	0x2	33235	0	0
up_proj	WRVEC	64	0x3	0	0	0
up_proj	MAC	64	0x3	1300	0	0
up_proj	WRVEC	64	0x3	64	0	0
up_proj	MAC	64	0x3	1301	0	0
up_proj	RD_MAC	0	0x1	33236	0	0
up_proj	RD_MAC	0	0x2	33237	0	0
up_proj	WRVEC	64	0x3	0	0	0
up_proj	MAC	64	0x3	1302	0	0
up_proj	WRVEC	64	0x3	64	0	0
up_proj	MAC	64	0x3	1303	0	0
up_proj	RD_MAC	0	0x1	33238	0	0
up_proj	RD_MAC	0	0x2	33239	0	0
up_proj	WRVEC	64	0x3	0	0	0
up_proj	MAC	64	0x3	1304	0	0
up_proj	WRVEC	64	0x3	64	0	0
up_proj	MAC	64	0x3	1305	0	0
up_proj	RD_MAC	0	0x1	33240	0	0
up_proj	RD_MAC	0	0x2	33241	0	0
up_proj	WRVEC	64	0x3	0	0	0
up_proj	MAC	64	0x3	1306	0	0
up_proj	WRVEC	64	0x3	64	0	0
up_proj	MAC	64	0x3	1307	0	0
up_proj	RD_MAC	0	0x1	33242	0	0
up_proj	RD_MAC	0	0x2	33243	0	0
up_proj	WRVEC	64	0x3	0	0	0
up_proj	MAC	64	0x3	1308	0	0
up_proj	WRVEC	64	0x3	64	0	0
up_proj	MAC	64	0x3	1309	0	0
up_proj	RD_MAC	0	0x1	33244	0	0
up_proj	RD_MAC	0	0x2	33245	0	0
up_proj	WRVEC	64	0x3	0	0	0
up_proj	MAC	64	0x3	1310	0	0
up_proj	WRVEC	64	0x3	64	0	0
up_proj	MAC	64	0x3	1311	0	0
up_proj	RD_MAC	0	0x1	33246	0	0
up_proj	RD_MAC	0	0x2	33247	0	0
up_proj	WRVEC	64	0x3	0	0	0
up_proj	MAC	64	0x3	1312	0	0
up_proj	WRVEC	64	0x3	64	0	0
up_proj	MAC	64	0x3	1313	0	0
up_proj	RD_MAC	0	0x1	33248	0	0
up_proj	RD_MAC	0	0x2	33249	0	0
up_proj	WRVEC	64	0x3	0	0	0
up_proj	MAC	64	0x3	1314	0	0
up_proj	WRVEC	64	0x3	64	0	0
up_proj	MAC	64	0x3	1315	0	0
up_proj	RD_MAC	0	0x1	33250	0	0
up_proj	RD_MAC	0	0x2	33251	0	0
up_proj	WRVEC	64	0x3	0	0	0
up_proj	MAC	64	0x3	1316	0	0
up_proj	WRVEC	64	0x3	64	0	0
up_proj	MAC	64	0x3	1317	0	0
up_proj	RD_MAC	0	0x1	33252	0	0
up_proj	RD_MAC	0	0x2	33253	0	0
up_proj	WRVEC	64	0x3	0	0	0
up_proj	MAC	64	0x3	1318	0	0
up_proj	WRVEC	64	0x3	64	0	0
up_proj	MAC	64	0x3	1319	0	0
up_proj	RD_MAC	0	0x1	33254	0	0
up_proj	RD_MAC	0	0x2	33255	0	0
up_proj	WRVEC	64	0x3	0	0	0
up_proj	MAC	64	0x3	1320	0	0
up_proj	WRVEC	64	0x3	64	0	0
up_proj	MAC	64	0x3	1321	0	0
up_proj	RD_MAC	0	0x1	33256	0	0
up_proj	RD_MAC	0	0x2	33257	0	0
up_proj	WRVEC	64	0x3	0	0	0
up_proj	MAC	64	0x3	1322	0	0
up_proj	WRVEC	64	0x3	64	0	0
up_proj	MAC	64	0x3	1323	0	0
up_proj	RD_MAC	0	0x1	33258	0	0
up_proj	RD_MAC	0	0x2	33259	0	0
up_proj	WRVEC	64	0x3	0	0	0
up_proj	MAC	64	0x3	1324	0	0
up_proj	WRVEC	64	0x3	64	0	0
up_proj	MAC	64	0x3	1325	0	0
up_proj	RD_MAC	0	0x1	33260	0	0
up_proj	RD_MAC	0	0x2	33261	0	0
up_proj	WRVEC	64	0x3	0	0	0
up_proj	MAC	64	0x3	1326	0	0
up_proj	WRVEC	64	0x3	64	0	0
up_proj	MAC	64	0x3	1327	0	0
up_proj	RD_MAC	0	0x1	33262	0	0
up_proj	RD_MAC	0	0x2	33263	0	0
up_proj	WRVEC	64	0x3	0	0	0
up_proj	MAC	64	0x3	1328	0	0
up_proj	WRVEC	64	0x3	64	0	0
up_proj	MAC	64	0x3	1329	0	0
up_proj	RD_MAC	0	0x1	33264	0	0
up_proj	RD_MAC	0	0x2	33265	0	0
up_proj	WRVEC	64	0x3	0	0	0
up_proj	MAC	64	0x3	1330	0	0
up_proj	WRVEC	64	0x3	64	0	0
up_proj	MAC	64	0x3	1331	0	0
up_proj	RD_MAC	0	0x1	33266	0	0
up_proj	RD_MAC	0	0x2	33267	0	0
up_proj	WRVEC	64	0x3	0	0	0
up_proj	MAC	64	0x3	1332	0	0
up_proj	WRVEC	64	0x3	64	0	0
up_proj	MAC	64	0x3	1333	0	0
up_proj	RD_MAC	0	0x1	33268	0	0
up_proj	RD_MAC	0	0x2	33269	0	0
up_proj	WRVEC	64	0x3	0	0	0
up_proj	MAC	64	0x3	1334	0	0
up_proj	WRVEC	64	0x3	64	0	0
up_proj	MAC	64	0x3	1335	0	0
up_proj	RD_MAC	0	0x1	33270	0	0
up_proj	RD_MAC	0	0x2	33271	0	0
up_proj	WRVEC	64	0x3	0	0	0
up_proj	MAC	64	0x3	1336	0	0
up_proj	WRVEC	64	0x3	64	0	0
up_proj	MAC	64	0x3	1337	0	0
up_proj	RD_MAC	0	0x1	33272	0	0
up_proj	RD_MAC	0	0x2	33273	0	0
up_proj	WRVEC	64	0x3	0	0	0
up_proj	MAC	64	0x3	1338	0	0
up_proj	WRVEC	64	0x3	64	0	0
up_proj	MAC	64	0x3	1339	0	0
up_proj	RD_MAC	0	0x1	33274	0	0
up_proj	RD_MAC	0	0x2	33275	0	0
up_proj	WRVEC	64	0x3	0	0	0
up_proj	MAC	64	0x3	1340	0	0
up_proj	WRVEC	64	0x3	64	0	0
up_proj	MAC	64	0x3	1341	0	0
up_proj	RD_MAC	0	0x1	33276	0	0
up_proj	RD_MAC	0	0x2	33277	0	0
up_proj	WRVEC	64	0x3	0	0	0
up_proj	MAC	64	0x3	1342	0	0
up_proj	WRVEC	64	0x3	64	0	0
up_proj	MAC	64	0x3	1343	0	0
up_proj	RD_MAC	0	0x1	33278	0	0
up_proj	RD_MAC	0	0x2	33279	0	0
down_proj	WRVEC	64	0x3	0	0	0
down_proj	MAC	64	0x3	1344	0	0
down_proj	WRVEC	64	0x3	64	0	0
down_proj	MAC	64	0x3	1345	0	0
down_proj	WRVEC	64	0x3	128	0	0
down_proj	MAC	64	0x3	1346	0	0
down_proj	WRVEC	64	0x3	192	0	0
down_proj	MAC	64	0x3	1347	0	0
down_proj	WRVEC	64	0x3	256	0	0
down_proj	MAC	64	0x3	1348	0	0
down_proj	WRVEC	64	0x3	320	0	0
down_proj	MAC	64	0x3	1349	0	0
down_proj	WRVEC	64	0x3	384	0	0
down_proj	MAC	64	0x3	1350	0	0
down_proj	WRVEC	64	0x3	448	0	0
down_proj	MAC	64	0x3	1351	0	0
down_proj	RD_MAC	0	0x1	32768	0	0
down_proj	RD_MAC	0	0x2	32769	0	0
down_proj	WRVEC	64	0x3	0	0	0
down_proj	MAC	64	0x3	1352	0	0
down_proj	WRVEC	64	0x3	64	0	0
down_proj	MAC	64	0x3	1353	0	0
down_proj	WRVEC	64	0x3	128	0	0
down_proj	MAC	64	0x3	1354	0	0
down_proj	WRVEC	64	0x3	192	0	0
down_proj	MAC	64	0x3	1355	0	0
down_proj	WRVEC	64	0x3	256	0	0
down_proj	MAC	64	0x3	1356	0	0
down_proj	WRVEC	64	0x3	320	0	0
down_proj	MAC	64	0x3	1357	0	0
down_proj	WRVEC	64	0x3	384	0	0
down_proj	MAC	64	0x3	1358	0	0
down_proj	WRVEC	64	0x3	448	0	0
down_proj	MAC	64	0x3	1359	0	0
down_proj	RD_MAC	0	0x1	32770	0	0
down_proj	RD_MAC	0	0x2	32771	0	0
down_proj	WRVEC	64	0x3	0	0	0
down_proj	MAC	64	0x3	1360	0	0
down_proj	WRVEC	64	0x3	64	0	0
down_proj	MAC	64	0x3	1361	0	0
down_proj	WRVEC	64	0x3	128	0	0
down_proj	MAC	64	0x3	1362	0	0
down_proj	WRVEC	64	0x3	192	0	0
down_proj	MAC	64	0x3	1363	0	0
down_proj	WRVEC	64	0x3	256	0	0
down_proj	MAC	64	0x3	1364	0	0
down_proj	WRVEC	64	0x3	320	0	0
down_proj	MAC	64	0x3	1365	0	0
down_proj	WRVEC	64	0x3	384	0	0
down_proj	MAC	64	0x3	1366	0	0
down_proj	WRVEC	64	0x3	448	0	0
down_proj	MAC	64	0x3	1367	0	0
down_proj	RD_MAC	0	0x1	32772	0	0
down_proj	RD_MAC	0	0x2	32773	0	0
down_proj	WRVEC	64	0x3	0	0	0
down_proj	MAC	64	0x3	1368	0	0
down_proj	WRVEC	64	0x3	64	0	0
down_proj	MAC	64	0x3	1369	0	0
down_proj	WRVEC	64	0x3	128	0	0
down_proj	MAC	64	0x3	1370	0	0
down_proj	WRVEC	64	0x3	192	0	0
down_proj	MAC	64	0x3	1371	0	0
down_proj	WRVEC	64	0x3	256	0	0
down_proj	MAC	64	0x3	1372	0	0
down_proj	WRVEC	64	0x3	320	0	0
down_proj	MAC	64	0x3	1373	0	0
down_proj	WRVEC	64	0x3	384	0	0
down_proj	MAC	64	0x3	1374	0	0
down_proj	WRVEC	64	0x3	448	0	0
down_proj	MAC	64	0x3	1375	0	0
down_proj	RD_MAC	0	0x1	32774	0	0
down_proj	RD_MAC	0	0x2	32775	0	0
down_proj	WRVEC	64	0x3	0	0	0
down_proj	MAC	64	0x3	1376	0	0
down_proj	WRVEC	64	0x3	64	0	0
down_proj	MAC	64	0x3	1377	0	0
down_proj	WRVEC	64	0x3	128	0	0
down_proj	MAC	64	0x3	1378	0	0
down_proj	WRVEC	64	0x3	192	0	0
down_proj	MAC	64	0x3	1379	0	0
down_proj	WRVEC	64	0x3	256	0	0
down_proj	MAC	64	0x3	1380	0	0
down_proj	WRVEC	64	0x3	320	0	0
down_proj	MAC	64	0x3	1381	0	0
down_proj	WRVEC	64	0x3	384	0	0
down_proj	MAC	64	0x3	1382	0	0
down_proj	WRVEC	64	0x3	448	0	0
down_proj	MAC	64	0x3	1383	0	0
down_proj	RD_MAC	0	0x1	32776	0	0
down_proj	RD_MAC	0	0x2	32777	0	0
down_proj	WRVEC	64	0x3	0	0	0
down_proj	MAC	64	0x3	1384	0	0
down_proj	WRVEC	64	0x3	64	0	0
down_proj	MAC	64	0x3	1385	0	0
down_proj	WRVEC	64	0x3	128	0	0
down_proj	MAC	64	0x3	1386	0	0
down_proj	WRVEC	64	0x3	192	0	0
down_proj	MAC	64	0x3	1387	0	0
down_proj	WRVEC	64	0x3	256	0	0
down_proj	MAC	64	0x3	1388	0	0
down_proj	WRVEC	64	0x3	320	0	0
down_proj	MAC	64	0x3	1389	0	0
down_proj	WRVEC	64	0x3	384	0	0
down_proj	MAC	64	0x3	1390	0	0
down_proj	WRVEC	64	0x3	448	0	0
down_proj	MAC	64	0x3	1391	0	0
down_proj	RD_MAC	0	0x1	32778	0	0
down_proj	RD_MAC	0	0x2	32779	0	0
down_proj	WRVEC	64	0x3	0	0	0
down_proj	MAC	64	0x3	1392	0	0
down_proj	WRVEC	64	0x3	64	0	0
down_proj	MAC	64	0x3	1393	0	0
down_proj	WRVEC	64	0x3	128	0	0
down_proj	MAC	64	0x3	1394	0	0
down_proj	WRVEC	64	0x3	192	0	0
down_proj	MAC	64	0x3	1395	0	0
down_proj	WRVEC	64	0x3	256	0	0
down_proj	MAC	64	0x3	1396	0	0
down_proj	WRVEC	64	0x3	320	0	0
down_proj	MAC	64	0x3	1397	0	0
down_proj	WRVEC	64	0x3	384	0	0
down_proj	MAC	64	0x3	1398	0	0
down_proj	WRVEC	64	0x3	448	0	0
down_proj	MAC	64	0x3	1399	0	0
down_proj	RD_MAC	0	0x1	32780	0	0
down_proj	RD_MAC	0	0x2	32781	0	0
down_proj	WRVEC	64	0x3	0	0	0
down_proj	MAC	64	0x3	1400	0	0
down_proj	WRVEC	64	0x3	64	0	0
down_proj	MAC	64	0x3	1401	0	0
down_proj	WRVEC	64	0x3	128	0	0
down_proj	MAC	64	0x3	1402	0	0
down_proj	WRVEC	64	0x3	192	0	0
down_proj	MAC	64	0x3	1403	0	0
down_proj	WRVEC	64	0x3	256	0	0
down_proj	MAC	64	0x3	1404	0	0
down_proj	WRVEC	64	0x3	320	0	0
down_proj	MAC	64	0x3	1405	0	0
down_proj	WRVEC	64	0x3	384	0	0
down_proj	MAC	64	0x3	1406	0	0
down_proj	WRVEC	64	0x3	448	0	0
down_proj	MAC	64	0x3	1407	0	0
down_proj	RD_MAC	0	0x1	32782	0	0
down_proj	RD_MAC	0	0x2	32783	0	0
down_proj	WRVEC	64	0x3	0	0	0
down_proj	MAC	64	0x3	1408	0	0
down_proj	WRVEC	64	0x3	64	0	0
down_proj	MAC	64	0x3	1409	0	0
down_proj	WRVEC	64	0x3	128	0	0
down_proj	MAC	64	0x3	1410	0	0
down_proj	WRVEC	64	0x3	192	0	0
down_proj	MAC	64	0x3	1411	0	0
down_proj	WRVEC	64	0x3	256	0	0
down_proj	MAC	64	0x3	1412	0	0
down_proj	WRVEC	64	0x3	320	0	0
down_proj	MAC	64	0x3	1413	0	0
down_proj	WRVEC	64	0x3	384	0	0
down_proj	MAC	64	0x3	1414	0	0
down_proj	WRVEC	64	0x3	448	0	0
down_proj	MAC	64	0x3	1415	0	0
down_proj	RD_MAC	0	0x1	32784	0	0
down_proj	RD_MAC	0	0x2	32785	0	0
down_proj	WRVEC	64	0x3	0	0	0
down_proj	MAC	64	0x3	1416	0	0
down_proj	WRVEC	64	0x3	64	0	0
down_proj	MAC	64	0x3	1417	0	0
down_proj	WRVEC	64	0x3	128	0	0
down_proj	MAC	64	0x3	1418	0	0
down_proj	WRVEC	64	0x3	192	0	0
down_proj	MAC	64	0x3	1419	0	0
down_proj	WRVEC	64	0x3	256	0	0
down_proj	MAC	64	0x3	1420	0	0
down_proj	WRVEC	64	0x3	320	0	0
down_proj	MAC	64	0x3	1421	0	0
down_proj	WRVEC	64	0x3	384	0	0
down_proj	MAC	64	0x3	1422	0	0
down_proj	WRVEC	64	0x3	448	0	0
down_proj	MAC	64	0x3	1423	0	0
down_proj	RD_MAC	0	0x1	32786	0	0
down_proj	RD_MAC	0	0x2	32787	0	0
down_proj	WRVEC	64	0x3	0	0	0
down_proj	MAC	64	0x3	1424	0	0
down_proj	WRVEC	64	0x3	64	0	0
down_proj	MAC	64	0x3	1425	0	0
down_proj	WRVEC	64	0x3	128	0	0
down_proj	MAC	64	0x3	1426	0	0
down_proj	WRVEC	64	0x3	192	0	0
down_proj	MAC	64	0x3	1427	0	0
down_proj	WRVEC	64	0x3	256	0	0
down_proj	MAC	64	0x3	1428	0	0
down_proj	WRVEC	64	0x3	320	0	0
down_proj	MAC	64	0x3	1429	0	0
down_proj	WRVEC	64	0x3	384	0	0
down_proj	MAC	64	0x3	1430	0	0
down_proj	WRVEC	64	0x3	448	0	0
down_proj	MAC	64	0x3	1431	0	0
down_proj	RD_MAC	0	0x1	32788	0	0
down_proj	RD_MAC	0	0x2	32789	0	0
down_proj	WRVEC	64	0x3	0	0	0
down_proj	MAC	64	0x3	1432	0	0
down_proj	WRVEC	64	0x3	64	0	0
down_proj	MAC	64	0x3	1433	0	0
down_proj	WRVEC	64	0x3	128	0	0
down_proj	MAC	64	0x3	1434	0	0
down_proj	WRVEC	64	0x3	192	0	0
down_proj	MAC	64	0x3	1435	0	0
down_proj	WRVEC	64	0x3	256	0	0
down_proj	MAC	64	0x3	1436	0	0
down_proj	WRVEC	64	0x3	320	0	0
down_proj	MAC	64	0x3	1437	0	0
down_proj	WRVEC	64	0x3	384	0	0
down_proj	MAC	64	0x3	1438	0	0
down_proj	WRVEC	64	0x3	448	0	0
down_proj	MAC	64	0x3	1439	0	0
down_proj	RD_MAC	0	0x1	32790	0	0
down_proj	RD_MAC	0	0x2	32791	0	0
down_proj	WRVEC	64	0x3	0	0	0
down_proj	MAC	64	0x3	1440	0	0
down_proj	WRVEC	64	0x3	64	0	0
down_proj	MAC	64	0x3	1441	0	0
down_proj	WRVEC	64	0x3	128	0	0
down_proj	MAC	64	0x3	1442	0	0
down_proj	WRVEC	64	0x3	192	0	0
down_proj	MAC	64	0x3	1443	0	0
down_proj	WRVEC	64	0x3	256	0	0
down_proj	MAC	64	0x3	1444	0	0
down_proj	WRVEC	64	0x3	320	0	0
down_proj	MAC	64	0x3	1445	0	0
down_proj	WRVEC	64	0x3	384	0	0
down_proj	MAC	64	0x3	1446	0	0
down_proj	WRVEC	64	0x3	448	0	0
down_proj	MAC	64	0x3	1447	0	0
down_proj	RD_MAC	0	0x1	32792	0	0
down_proj	RD_MAC	0	0x2	32793	0	0
down_proj	WRVEC	64	0x3	0	0	0
down_proj	MAC	64	0x3	1448	0	0
down_proj	WRVEC	64	0x3	64	0	0
down_proj	MAC	64	0x3	1449	0	0
down_proj	WRVEC	64	0x3	128	0	0
down_proj	MAC	64	0x3	1450	0	0
down_proj	WRVEC	64	0x3	192	0	0
down_proj	MAC	64	0x3	1451	0	0
down_proj	WRVEC	64	0x3	256	0	0
down_proj	MAC	64	0x3	1452	0	0
down_proj	WRVEC	64	0x3	320	0	0
down_proj	MAC	64	0x3	1453	0	0
down_proj	WRVEC	64	0x3	384	0	0
down_proj	MAC	64	0x3	1454	0	0
down_proj	WRVEC	64	0x3	448	0	0
down_proj	MAC	64	0x3	1455	0	0
down_proj	RD_MAC	0	0x1	32794	0	0
down_proj	RD_MAC	0	0x2	32795	0	0
down_proj	WRVEC	64	0x3	0	0	0
down_proj	MAC	64	0x3	1456	0	0
down_proj	WRVEC	64	0x3	64	0	0
down_proj	MAC	64	0x3	1457	0	0
down_proj	WRVEC	64	0x3	128	0	0
down_proj	MAC	64	0x3	1458	0	0
down_proj	WRVEC	64	0x3	192	0	0
down_proj	MAC	64	0x3	1459	0	0
down_proj	WRVEC	64	0x3	256	0	0
down_proj	MAC	64	0x3	1460	0	0
down_proj	WRVEC	64	0x3	320	0	0
down_proj	MAC	64	0x3	1461	0	0
down_proj	WRVEC	64	0x3	384	0	0
down_proj	MAC	64	0x3	1462	0	0
down_proj	WRVEC	64	0x3	448	0	0
down_proj	MAC	64	0x3	1463	0	0
down_proj	RD_MAC	0	0x1	32796	0	0
down_proj	RD_MAC	0	0x2	32797	0	0
down_proj	WRVEC	64	0x3	0	0	0
down_proj	MAC	64	0x3	1464	0	0
down_proj	WRVEC	64	0x3	64	0	0
down_proj	MAC	64	0x3	1465	0	0
down_proj	WRVEC	64	0x3	128	0	0
down_proj	MAC	64	0x3	1466	0	0
down_proj	WRVEC	64	0x3	192	0	0
down_proj	MAC	64	0x3	1467	0	0
down_proj	WRVEC	64	0x3	256	0	0
down_proj	MAC	64	0x3	1468	0	0
down_proj	WRVEC	64	0x3	320	0	0
down_proj	MAC	64	0x3	1469	0	0
down_proj	WRVEC	64	0x3	384	0	0
down_proj	MAC	64	0x3	1470	0	0
down_proj	WRVEC	64	0x3	448	0	0
down_proj	MAC	64	0x3	1471	0	0
down_proj	RD_MAC	0	0x1	32798	0	0
down_proj	RD_MAC	0	0x2	32799	0	0
down_proj	WRVEC	64	0x3	0	0	0
down_proj	MAC	64	0x3	1472	0	0
down_proj	WRVEC	64	0x3	64	0	0
down_proj	MAC	64	0x3	1473	0	0
down_proj	WRVEC	64	0x3	128	0	0
down_proj	MAC	64	0x3	1474	0	0
down_proj	WRVEC	64	0x3	192	0	0
down_proj	MAC	64	0x3	1475	0	0
down_proj	WRVEC	64	0x3	256	0	0
down_proj	MAC	64	0x3	1476	0	0
down_proj	WRVEC	64	0x3	320	0	0
down_proj	MAC	64	0x3	1477	0	0
down_proj	WRVEC	64	0x3	384	0	0
down_proj	MAC	64	0x3	1478	0	0
down_proj	WRVEC	64	0x3	448	0	0
down_proj	MAC	64	0x3	1479	0	0
down_proj	RD_MAC	0	0x1	32800	0	0
down_proj	RD_MAC	0	0x2	32801	0	0
down_proj	WRVEC	64	0x3	0	0	0
down_proj	MAC	64	0x3	1480	0	0
down_proj	WRVEC	64	0x3	64	0	0
down_proj	MAC	64	0x3	1481	0	0
down_proj	WRVEC	64	0x3	128	0	0
down_proj	MAC	64	0x3	1482	0	0
down_proj	WRVEC	64	0x3	192	0	0
down_proj	MAC	64	0x3	1483	0	0
down_proj	WRVEC	64	0x3	256	0	0
down_proj	MAC	64	0x3	1484	0	0
down_proj	WRVEC	64	0x3	320	0	0
down_proj	MAC	64	0x3	1485	0	0
down_proj	WRVEC	64	0x3	384	0	0
down_proj	MAC	64	0x3	1486	0	0
down_proj	WRVEC	64	0x3	448	0	0
down_proj	MAC	64	0x3	1487	0	0
down_proj	RD_MAC	0	0x1	32802	0	0
down_proj	RD_MAC	0	0x2	32803	0	0
down_proj	WRVEC	64	0x3	0	0	0
down_proj	MAC	64	0x3	1488	0	0
down_proj	WRVEC	64	0x3	64	0	0
down_proj	MAC	64	0x3	1489	0	0
down_proj	WRVEC	64	0x3	128	0	0
down_proj	MAC	64	0x3	1490	0	0
down_proj	WRVEC	64	0x3	192	0	0
down_proj	MAC	64	0x3	1491	0	0
down_proj	WRVEC	64	0x3	256	0	0
down_proj	MAC	64	0x3	1492	0	0
down_proj	WRVEC	64	0x3	320	0	0
down_proj	MAC	64	0x3	1493	0	0
down_proj	WRVEC	64	0x3	384	0	0
down_proj	MAC	64	0x3	1494	0	0
down_proj	WRVEC	64	0x3	448	0	0
down_proj	MAC	64	0x3	1495	0	0
down_proj	RD_MAC	0	0x1	32804	0	0
down_proj	RD_MAC	0	0x2	32805	0	0
down_proj	WRVEC	64	0x3	0	0	0
down_proj	MAC	64	0x3	1496	0	0
down_proj	WRVEC	64	0x3	64	0	0
down_proj	MAC	64	0x3	1497	0	0
down_proj	WRVEC	64	0x3	128	0	0
down_proj	MAC	64	0x3	1498	0	0
down_proj	WRVEC	64	0x3	192	0	0
down_proj	MAC	64	0x3	1499	0	0
down_proj	WRVEC	64	0x3	256	0	0
down_proj	MAC	64	0x3	1500	0	0
down_proj	WRVEC	64	0x3	320	0	0
down_proj	MAC	64	0x3	1501	0	0
down_proj	WRVEC	64	0x3	384	0	0
down_proj	MAC	64	0x3	1502	0	0
down_proj	WRVEC	64	0x3	448	0	0
down_proj	MAC	64	0x3	1503	0	0
down_proj	RD_MAC	0	0x1	32806	0	0
down_proj	RD_MAC	0	0x2	32807	0	0
down_proj	WRVEC	64	0x3	0	0	0
down_proj	MAC	64	0x3	1504	0	0
down_proj	WRVEC	64	0x3	64	0	0
down_proj	MAC	64	0x3	1505	0	0
down_proj	WRVEC	64	0x3	128	0	0
down_proj	MAC	64	0x3	1506	0	0
down_proj	WRVEC	64	0x3	192	0	0
down_proj	MAC	64	0x3	1507	0	0
down_proj	WRVEC	64	0x3	256	0	0
down_proj	MAC	64	0x3	1508	0	0
down_proj	WRVEC	64	0x3	320	0	0
down_proj	MAC	64	0x3	1509	0	0
down_proj	WRVEC	64	0x3	384	0	0
down_proj	MAC	64	0x3	1510	0	0
down_proj	WRVEC	64	0x3	448	0	0
down_proj	MAC	64	0x3	1511	0	0
down_proj	RD_MAC	0	0x1	32808	0	0
down_proj	RD_MAC	0	0x2	32809	0	0
down_proj	WRVEC	64	0x3	0	0	0
down_proj	MAC	64	0x3	1512	0	0
down_proj	WRVEC	64	0x3	64	0	0
down_proj	MAC	64	0x3	1513	0	0
down_proj	WRVEC	64	0x3	128	0	0
down_proj	MAC	64	0x3	1514	0	0
down_proj	WRVEC	64	0x3	192	0	0
down_proj	MAC	64	0x3	1515	0	0
down_proj	WRVEC	64	0x3	256	0	0
down_proj	MAC	64	0x3	1516	0	0
down_proj	WRVEC	64	0x3	320	0	0
down_proj	MAC	64	0x3	1517	0	0
down_proj	WRVEC	64	0x3	384	0	0
down_proj	MAC	64	0x3	1518	0	0
down_proj	WRVEC	64	0x3	448	0	0
down_proj	MAC	64	0x3	1519	0	0
down_proj	RD_MAC	0	0x1	32810	0	0
down_proj	RD_MAC	0	0x2	32811	0	0
down_proj	WRVEC	64	0x3	0	0	0
down_proj	MAC	64	0x3	1520	0	0
down_proj	WRVEC	64	0x3	64	0	0
down_proj	MAC	64	0x3	1521	0	0
down_proj	WRVEC	64	0x3	128	0	0
down_proj	MAC	64	0x3	1522	0	0
down_proj	WRVEC	64	0x3	192	0	0
down_proj	MAC	64	0x3	1523	0	0
down_proj	WRVEC	64	0x3	256	0	0
down_proj	MAC	64	0x3	1524	0	0
down_proj	WRVEC	64	0x3	320	0	0
down_proj	MAC	64	0x3	1525	0	0
down_proj	WRVEC	64	0x3	384	0	0
down_proj	MAC	64	0x3	1526	0	0
down_proj	WRVEC	64	0x3	448	0	0
down_proj	MAC	64	0x3	1527	0	0
down_proj	RD_MAC	0	0x1	32812	0	0
down_proj	RD_MAC	0	0x2	32813	0	0
down_proj	WRVEC	64	0x3	0	0	0
down_proj	MAC	64	0x3	1528	0	0
down_proj	WRVEC	64	0x3	64	0	0
down_proj	MAC	64	0x3	1529	0	0
down_proj	WRVEC	64	0x3	128	0	0
down_proj	MAC	64	0x3	1530	0	0
down_proj	WRVEC	64	0x3	192	0	0
down_proj	MAC	64	0x3	1531	0	0
down_proj	WRVEC	64	0x3	256	0	0
down_proj	MAC	64	0x3	1532	0	0
down_proj	WRVEC	64	0x3	320	0	0
down_proj	MAC	64	0x3	1533	0	0
down_proj	WRVEC	64	0x3	384	0	0
down_proj	MAC	64	0x3	1534	0	0
down_proj	WRVEC	64	0x3	448	0	0
down_proj	MAC	64	0x3	1535	0	0
down_proj	RD_MAC	0	0x1	32814	0	0
down_proj	RD_MAC	0	0x2	32815	0	0
down_proj	WRVEC	64	0x3	0	0	0
down_proj	MAC	64	0x3	1536	0	0
down_proj	WRVEC	64	0x3	64	0	0
down_proj	MAC	64	0x3	1537	0	0
down_proj	WRVEC	64	0x3	128	0	0
down_proj	MAC	64	0x3	1538	0	0
down_proj	WRVEC	64	0x3	192	0	0
down_proj	MAC	64	0x3	1539	0	0
down_proj	WRVEC	64	0x3	256	0	0
down_proj	MAC	64	0x3	1540	0	0
down_proj	WRVEC	64	0x3	320	0	0
down_proj	MAC	64	0x3	1541	0	0
down_proj	WRVEC	64	0x3	384	0	0
down_proj	MAC	64	0x3	1542	0	0
down_proj	WRVEC	64	0x3	448	0	0
down_proj	MAC	64	0x3	1543	0	0
down_proj	RD_MAC	0	0x1	32816	0	0
down_proj	RD_MAC	0	0x2	32817	0	0
down_proj	WRVEC	64	0x3	0	0	0
down_proj	MAC	64	0x3	1544	0	0
down_proj	WRVEC	64	0x3	64	0	0
down_proj	MAC	64	0x3	1545	0	0
down_proj	WRVEC	64	0x3	128	0	0
down_proj	MAC	64	0x3	1546	0	0
down_proj	WRVEC	64	0x3	192	0	0
down_proj	MAC	64	0x3	1547	0	0
down_proj	WRVEC	64	0x3	256	0	0
down_proj	MAC	64	0x3	1548	0	0
down_proj	WRVEC	64	0x3	320	0	0
down_proj	MAC	64	0x3	1549	0	0
down_proj	WRVEC	64	0x3	384	0	0
down_proj	MAC	64	0x3	1550	0	0
down_proj	WRVEC	64	0x3	448	0	0
down_proj	MAC	64	0x3	1551	0	0
down_proj	RD_MAC	0	0x1	32818	0	0
down_proj	RD_MAC	0	0x2	32819	0	0
down_proj	WRVEC	64	0x3	0	0	0
down_proj	MAC	64	0x3	1552	0	0
down_proj	WRVEC	64	0x3	64	0	0
down_proj	MAC	64	0x3	1553	0	0
down_proj	WRVEC	64	0x3	128	0	0
down_proj	MAC	64	0x3	1554	0	0
down_proj	WRVEC	64	0x3	192	0	0
down_proj	MAC	64	0x3	1555	0	0
down_proj	WRVEC	64	0x3	256	0	0
down_proj	MAC	64	0x3	1556	0	0
down_proj	WRVEC	64	0x3	320	0	0
down_proj	MAC	64	0x3	1557	0	0
down_proj	WRVEC	64	0x3	384	0	0
down_proj	MAC	64	0x3	1558	0	0
down_proj	WRVEC	64	0x3	448	0	0
down_proj	MAC	64	0x3	1559	0	0
down_proj	RD_MAC	0	0x1	32820	0	0
down_proj	RD_MAC	0	0x2	32821	0	0
down_proj	WRVEC	64	0x3	0	0	0
down_proj	MAC	64	0x3	1560	0	0
down_proj	WRVEC	64	0x3	64	0	0
down_proj	MAC	64	0x3	1561	0	0
down_proj	WRVEC	64	0x3	128	0	0
down_proj	MAC	64	0x3	1562	0	0
down_proj	WRVEC	64	0x3	192	0	0
down_proj	MAC	64	0x3	1563	0	0
down_proj	WRVEC	64	0x3	256	0	0
down_proj	MAC	64	0x3	1564	0	0
down_proj	WRVEC	64	0x3	320	0	0
down_proj	MAC	64	0x3	1565	0	0
down_proj	WRVEC	64	0x3	384	0	0
down_proj	MAC	64	0x3	1566	0	0
down_proj	WRVEC	64	0x3	448	0	0
down_proj	MAC	64	0x3	1567	0	0
down_proj	RD_MAC	0	0x1	32822	0	0
down_proj	RD_MAC	0	0x2	32823	0	0
down_proj	WRVEC	64	0x3	0	0	0
down_proj	MAC	64	0x3	1568	0	0
down_proj	WRVEC	64	0x3	64	0	0
down_proj	MAC	64	0x3	1569	0	0
down_proj	WRVEC	64	0x3	128	0	0
down_proj	MAC	64	0x3	1570	0	0
down_proj	WRVEC	64	0x3	192	0	0
down_proj	MAC	64	0x3	1571	0	0
down_proj	WRVEC	64	0x3	256	0	0
down_proj	MAC	64	0x3	1572	0	0
down_proj	WRVEC	64	0x3	320	0	0
down_proj	MAC	64	0x3	1573	0	0
down_proj	WRVEC	64	0x3	384	0	0
down_proj	MAC	64	0x3	1574	0	0
down_proj	WRVEC	64	0x3	448	0	0
down_proj	MAC	64	0x3	1575	0	0
down_proj	RD_MAC	0	0x1	32824	0	0
down_proj	RD_MAC	0	0x2	32825	0	0
down_proj	WRVEC	64	0x3	0	0	0
down_proj	MAC	64	0x3	1576	0	0
down_proj	WRVEC	64	0x3	64	0	0
down_proj	MAC	64	0x3	1577	0	0
down_proj	WRVEC	64	0x3	128	0	0
down_proj	MAC	64	0x3	1578	0	0
down_proj	WRVEC	64	0x3	192	0	0
down_proj	MAC	64	0x3	1579	0	0
down_proj	WRVEC	64	0x3	256	0	0
down_proj	MAC	64	0x3	1580	0	0
down_proj	WRVEC	64	0x3	320	0	0
down_proj	MAC	64	0x3	1581	0	0
down_proj	WRVEC	64	0x3	384	0	0
down_proj	MAC	64	0x3	1582	0	0
down_proj	WRVEC	64	0x3	448	0	0
down_proj	MAC	64	0x3	1583	0	0
down_proj	RD_MAC	0	0x1	32826	0	0
down_proj	RD_MAC	0	0x2	32827	0	0
down_proj	WRVEC	64	0x3	0	0	0
down_proj	MAC	64	0x3	1584	0	0
down_proj	WRVEC	64	0x3	64	0	0
down_proj	MAC	64	0x3	1585	0	0
down_proj	WRVEC	64	0x3	128	0	0
down_proj	MAC	64	0x3	1586	0	0
down_proj	WRVEC	64	0x3	192	0	0
down_proj	MAC	64	0x3	1587	0	0
down_proj	WRVEC	64	0x3	256	0	0
down_proj	MAC	64	0x3	1588	0	0
down_proj	WRVEC	64	0x3	320	0	0
down_proj	MAC	64	0x3	1589	0	0
down_proj	WRVEC	64	0x3	384	0	0
down_proj	MAC	64	0x3	1590	0	0
down_proj	WRVEC	64	0x3	448	0	0
down_proj	MAC	64	0x3	1591	0	0
down_proj	RD_MAC	0	0x1	32828	0	0
down_proj	RD_MAC	0	0x2	32829	0	0
down_proj	WRVEC	64	0x3	0	0	0
down_proj	MAC	64	0x3	1592	0	0
down_proj	WRVEC	64	0x3	64	0	0
down_proj	MAC	64	0x3	1593	0	0
down_proj	WRVEC	64	0x3	128	0	0
down_proj	MAC	64	0x3	1594	0	0
down_proj	WRVEC	64	0x3	192	0	0
down_proj	MAC	64	0x3	1595	0	0
down_proj	WRVEC	64	0x3	256	0	0
down_proj	MAC	64	0x3	1596	0	0
down_proj	WRVEC	64	0x3	320	0	0
down_proj	MAC	64	0x3	1597	0	0
down_proj	WRVEC	64	0x3	384	0	0
down_proj	MAC	64	0x3	1598	0	0
down_proj	WRVEC	64	0x3	448	0	0
down_proj	MAC	64	0x3	1599	0	0
down_proj	RD_MAC	0	0x1	32830	0	0
down_proj	RD_MAC	0	0x2	32831	0	0
down_proj	WRVEC	64	0x3	0	0	0
down_proj	MAC	64	0x3	1600	0	0
down_proj	WRVEC	64	0x3	64	0	0
down_proj	MAC	64	0x3	1601	0	0
down_proj	WRVEC	64	0x3	128	0	0
down_proj	MAC	64	0x3	1602	0	0
down_proj	WRVEC	64	0x3	192	0	0
down_proj	MAC	64	0x3	1603	0	0
down_proj	WRVEC	64	0x3	256	0	0
down_proj	MAC	64	0x3	1604	0	0
down_proj	WRVEC	64	0x3	320	0	0
down_proj	MAC	64	0x3	1605	0	0
down_proj	WRVEC	64	0x3	384	0	0
down_proj	MAC	64	0x3	1606	0	0
down_proj	WRVEC	64	0x3	448	0	0
down_proj	MAC	64	0x3	1607	0	0
down_proj	RD_MAC	0	0x1	32832	0	0
down_proj	RD_MAC	0	0x2	32833	0	0
down_proj	WRVEC	64	0x3	0	0	0
down_proj	MAC	64	0x3	1608	0	0
down_proj	WRVEC	64	0x3	64	0	0
down_proj	MAC	64	0x3	1609	0	0
down_proj	WRVEC	64	0x3	128	0	0
down_proj	MAC	64	0x3	1610	0	0
down_proj	WRVEC	64	0x3	192	0	0
down_proj	MAC	64	0x3	1611	0	0
down_proj	WRVEC	64	0x3	256	0	0
down_proj	MAC	64	0x3	1612	0	0
down_proj	WRVEC	64	0x3	320	0	0
down_proj	MAC	64	0x3	1613	0	0
down_proj	WRVEC	64	0x3	384	0	0
down_proj	MAC	64	0x3	1614	0	0
down_proj	WRVEC	64	0x3	448	0	0
down_proj	MAC	64	0x3	1615	0	0
down_proj	RD_MAC	0	0x1	32834	0	0
down_proj	RD_MAC	0	0x2	32835	0	0
down_proj	WRVEC	64	0x3	0	0	0
down_proj	MAC	64	0x3	1616	0	0
down_proj	WRVEC	64	0x3	64	0	0
down_proj	MAC	64	0x3	1617	0	0
down_proj	WRVEC	64	0x3	128	0	0
down_proj	MAC	64	0x3	1618	0	0
down_proj	WRVEC	64	0x3	192	0	0
down_proj	MAC	64	0x3	1619	0	0
down_proj	WRVEC	64	0x3	256	0	0
down_proj	MAC	64	0x3	1620	0	0
down_proj	WRVEC	64	0x3	320	0	0
down_proj	MAC	64	0x3	1621	0	0
down_proj	WRVEC	64	0x3	384	0	0
down_proj	MAC	64	0x3	1622	0	0
down_proj	WRVEC	64	0x3	448	0	0
down_proj	MAC	64	0x3	1623	0	0
down_proj	RD_MAC	0	0x1	32836	0	0
down_proj	RD_MAC	0	0x2	32837	0	0
down_proj	WRVEC	64	0x3	0	0	0
down_proj	MAC	64	0x3	1624	0	0
down_proj	WRVEC	64	0x3	64	0	0
down_proj	MAC	64	0x3	1625	0	0
down_proj	WRVEC	64	0x3	128	0	0
down_proj	MAC	64	0x3	1626	0	0
down_proj	WRVEC	64	0x3	192	0	0
down_proj	MAC	64	0x3	1627	0	0
down_proj	WRVEC	64	0x3	256	0	0
down_proj	MAC	64	0x3	1628	0	0
down_proj	WRVEC	64	0x3	320	0	0
down_proj	MAC	64	0x3	1629	0	0
down_proj	WRVEC	64	0x3	384	0	0
down_proj	MAC	64	0x3	1630	0	0
down_proj	WRVEC	64	0x3	448	0	0
down_proj	MAC	64	0x3	1631	0	0
down_proj	RD_MAC	0	0x1	32838	0	0
down_proj	RD_MAC	0	0x2	32839	0	0
down_proj	WRVEC	64	0x3	0	0	0
down_proj	MAC	64	0x3	1632	0	0
down_proj	WRVEC	64	0x3	64	0	0
down_proj	MAC	64	0x3	1633	0	0
down_proj	WRVEC	64	0x3	128	0	0
down_proj	MAC	64	0x3	1634	0	0
down_proj	WRVEC	64	0x3	192	0	0
down_proj	MAC	64	0x3	1635	0	0
down_proj	WRVEC	64	0x3	256	0	0
down_proj	MAC	64	0x3	1636	0	0
down_proj	WRVEC	64	0x3	320	0	0
down_proj	MAC	64	0x3	1637	0	0
down_proj	WRVEC	64	0x3	384	0	0
down_proj	MAC	64	0x3	1638	0	0
down_proj	WRVEC	64	0x3	448	0	0
down_proj	MAC	64	0x3	1639	0	0
down_proj	RD_MAC	0	0x1	32840	0	0
down_proj	RD_MAC	0	0x2	32841	0	0
down_proj	WRVEC	64	0x3	0	0	0
down_proj	MAC	64	0x3	1640	0	0
down_proj	WRVEC	64	0x3	64	0	0
down_proj	MAC	64	0x3	1641	0	0
down_proj	WRVEC	64	0x3	128	0	0
down_proj	MAC	64	0x3	1642	0	0
down_proj	WRVEC	64	0x3	192	0	0
down_proj	MAC	64	0x3	1643	0	0
down_proj	WRVEC	64	0x3	256	0	0
down_proj	MAC	64	0x3	1644	0	0
down_proj	WRVEC	64	0x3	320	0	0
down_proj	MAC	64	0x3	1645	0	0
down_proj	WRVEC	64	0x3	384	0	0
down_proj	MAC	64	0x3	1646	0	0
down_proj	WRVEC	64	0x3	448	0	0
down_proj	MAC	64	0x3	1647	0	0
down_proj	RD_MAC	0	0x1	32842	0	0
down_proj	RD_MAC	0	0x2	32843	0	0
down_proj	WRVEC	64	0x3	0	0	0
down_proj	MAC	64	0x3	1648	0	0
down_proj	WRVEC	64	0x3	64	0	0
down_proj	MAC	64	0x3	1649	0	0
down_proj	WRVEC	64	0x3	128	0	0
down_proj	MAC	64	0x3	1650	0	0
down_proj	WRVEC	64	0x3	192	0	0
down_proj	MAC	64	0x3	1651	0	0
down_proj	WRVEC	64	0x3	256	0	0
down_proj	MAC	64	0x3	1652	0	0
down_proj	WRVEC	64	0x3	320	0	0
down_proj	MAC	64	0x3	1653	0	0
down_proj	WRVEC	64	0x3	384	0	0
down_proj	MAC	64	0x3	1654	0	0
down_proj	WRVEC	64	0x3	448	0	0
down_proj	MAC	64	0x3	1655	0	0
down_proj	RD_MAC	0	0x1	32844	0	0
down_proj	RD_MAC	0	0x2	32845	0	0
down_proj	WRVEC	64	0x3	0	0	0
down_proj	MAC	64	0x3	1656	0	0
down_proj	WRVEC	64	0x3	64	0	0
down_proj	MAC	64	0x3	1657	0	0
down_proj	WRVEC	64	0x3	128	0	0
down_proj	MAC	64	0x3	1658	0	0
down_proj	WRVEC	64	0x3	192	0	0
down_proj	MAC	64	0x3	1659	0	0
down_proj	WRVEC	64	0x3	256	0	0
down_proj	MAC	64	0x3	1660	0	0
down_proj	WRVEC	64	0x3	320	0	0
down_proj	MAC	64	0x3	1661	0	0
down_proj	WRVEC	64	0x3	384	0	0
down_proj	MAC	64	0x3	1662	0	0
down_proj	WRVEC	64	0x3	448	0	0
down_proj	MAC	64	0x3	1663	0	0
down_proj	RD_MAC	0	0x1	32846	0	0
down_proj	RD_MAC	0	0x2	32847	0	0
down_proj	WRVEC	64	0x3	0	0	0
down_proj	MAC	64	0x3	1664	0	0
down_proj	WRVEC	64	0x3	64	0	0
down_proj	MAC	64	0x3	1665	0	0
down_proj	WRVEC	64	0x3	128	0	0
down_proj	MAC	64	0x3	1666	0	0
down_proj	WRVEC	64	0x3	192	0	0
down_proj	MAC	64	0x3	1667	0	0
down_proj	WRVEC	64	0x3	256	0	0
down_proj	MAC	64	0x3	1668	0	0
down_proj	WRVEC	64	0x3	320	0	0
down_proj	MAC	64	0x3	1669	0	0
down_proj	WRVEC	64	0x3	384	0	0
down_proj	MAC	64	0x3	1670	0	0
down_proj	WRVEC	64	0x3	448	0	0
down_proj	MAC	64	0x3	1671	0	0
down_proj	RD_MAC	0	0x1	32848	0	0
down_proj	RD_MAC	0	0x2	32849	0	0
down_proj	WRVEC	64	0x3	0	0	0
down_proj	MAC	64	0x3	1672	0	0
down_proj	WRVEC	64	0x3	64	0	0
down_proj	MAC	64	0x3	1673	0	0
down_proj	WRVEC	64	0x3	128	0	0
down_proj	MAC	64	0x3	1674	0	0
down_proj	WRVEC	64	0x3	192	0	0
down_proj	MAC	64	0x3	1675	0	0
down_proj	WRVEC	64	0x3	256	0	0
down_proj	MAC	64	0x3	1676	0	0
down_proj	WRVEC	64	0x3	320	0	0
down_proj	MAC	64	0x3	1677	0	0
down_proj	WRVEC	64	0x3	384	0	0
down_proj	MAC	64	0x3	1678	0	0
down_proj	WRVEC	64	0x3	448	0	0
down_proj	MAC	64	0x3	1679	0	0
down_proj	RD_MAC	0	0x1	32850	0	0
down_proj	RD_MAC	0	0x2	32851	0	0
down_proj	WRVEC	64	0x3	0	0	0
down_proj	MAC	64	0x3	1680	0	0
down_proj	WRVEC	64	0x3	64	0	0
down_proj	MAC	64	0x3	1681	0	0
down_proj	WRVEC	64	0x3	128	0	0
down_proj	MAC	64	0x3	1682	0	0
down_proj	WRVEC	64	0x3	192	0	0
down_proj	MAC	64	0x3	1683	0	0
down_proj	WRVEC	64	0x3	256	0	0
down_proj	MAC	64	0x3	1684	0	0
down_proj	WRVEC	64	0x3	320	0	0
down_proj	MAC	64	0x3	1685	0	0
down_proj	WRVEC	64	0x3	384	0	0
down_proj	MAC	64	0x3	1686	0	0
down_proj	WRVEC	64	0x3	448	0	0
down_proj	MAC	64	0x3	1687	0	0
down_proj	RD_MAC	0	0x1	32852	0	0
down_proj	RD_MAC	0	0x2	32853	0	0
down_proj	WRVEC	64	0x3	0	0	0
down_proj	MAC	64	0x3	1688	0	0
down_proj	WRVEC	64	0x3	64	0	0
down_proj	MAC	64	0x3	1689	0	0
down_proj	WRVEC	64	0x3	128	0	0
down_proj	MAC	64	0x3	1690	0	0
down_proj	WRVEC	64	0x3	192	0	0
down_proj	MAC	64	0x3	1691	0	0
down_proj	WRVEC	64	0x3	256	0	0
down_proj	MAC	64	0x3	1692	0	0
down_proj	WRVEC	64	0x3	320	0	0
down_proj	MAC	64	0x3	1693	0	0
down_proj	WRVEC	64	0x3	384	0	0
down_proj	MAC	64	0x3	1694	0	0
down_proj	WRVEC	64	0x3	448	0	0
down_proj	MAC	64	0x3	1695	0	0
down_proj	RD_MAC	0	0x1	32854	0	0
down_proj	RD_MAC	0	0x2	32855	0	0
down_proj	WRVEC	64	0x3	0	0	0
down_proj	MAC	64	0x3	1696	0	0
down_proj	WRVEC	64	0x3	64	0	0
down_proj	MAC	64	0x3	1697	0	0
down_proj	WRVEC	64	0x3	128	0	0
down_proj	MAC	64	0x3	1698	0	0
down_proj	WRVEC	64	0x3	192	0	0
down_proj	MAC	64	0x3	1699	0	0
down_proj	WRVEC	64	0x3	256	0	0
down_proj	MAC	64	0x3	1700	0	0
down_proj	WRVEC	64	0x3	320	0	0
down_proj	MAC	64	0x3	1701	0	0
down_proj	WRVEC	64	0x3	384	0	0
down_proj	MAC	64	0x3	1702	0	0
down_proj	WRVEC	64	0x3	448	0	0
down_proj	MAC	64	0x3	1703	0	0
down_proj	RD_MAC	0	0x1	32856	0	0
down_proj	RD_MAC	0	0x2	32857	0	0
down_proj	WRVEC	64	0x3	0	0	0
down_proj	MAC	64	0x3	1704	0	0
down_proj	WRVEC	64	0x3	64	0	0
down_proj	MAC	64	0x3	1705	0	0
down_proj	WRVEC	64	0x3	128	0	0
down_proj	MAC	64	0x3	1706	0	0
down_proj	WRVEC	64	0x3	192	0	0
down_proj	MAC	64	0x3	1707	0	0
down_proj	WRVEC	64	0x3	256	0	0
down_proj	MAC	64	0x3	1708	0	0
down_proj	WRVEC	64	0x3	320	0	0
down_proj	MAC	64	0x3	1709	0	0
down_proj	WRVEC	64	0x3	384	0	0
down_proj	MAC	64	0x3	1710	0	0
down_proj	WRVEC	64	0x3	448	0	0
down_proj	MAC	64	0x3	1711	0	0
down_proj	RD_MAC	0	0x1	32858	0	0
down_proj	RD_MAC	0	0x2	32859	0	0
down_proj	WRVEC	64	0x3	0	0	0
down_proj	MAC	64	0x3	1712	0	0
down_proj	WRVEC	64	0x3	64	0	0
down_proj	MAC	64	0x3	1713	0	0
down_proj	WRVEC	64	0x3	128	0	0
down_proj	MAC	64	0x3	1714	0	0
down_proj	WRVEC	64	0x3	192	0	0
down_proj	MAC	64	0x3	1715	0	0
down_proj	WRVEC	64	0x3	256	0	0
down_proj	MAC	64	0x3	1716	0	0
down_proj	WRVEC	64	0x3	320	0	0
down_proj	MAC	64	0x3	1717	0	0
down_proj	WRVEC	64	0x3	384	0	0
down_proj	MAC	64	0x3	1718	0	0
down_proj	WRVEC	64	0x3	448	0	0
down_proj	MAC	64	0x3	1719	0	0
down_proj	RD_MAC	0	0x1	32860	0	0
down_proj	RD_MAC	0	0x2	32861	0	0
down_proj	WRVEC	64	0x3	0	0	0
down_proj	MAC	64	0x3	1720	0	0
down_proj	WRVEC	64	0x3	64	0	0
down_proj	MAC	64	0x3	1721	0	0
down_proj	WRVEC	64	0x3	128	0	0
down_proj	MAC	64	0x3	1722	0	0
down_proj	WRVEC	64	0x3	192	0	0
down_proj	MAC	64	0x3	1723	0	0
down_proj	WRVEC	64	0x3	256	0	0
down_proj	MAC	64	0x3	1724	0	0
down_proj	WRVEC	64	0x3	320	0	0
down_proj	MAC	64	0x3	1725	0	0
down_proj	WRVEC	64	0x3	384	0	0
down_proj	MAC	64	0x3	1726	0	0
down_proj	WRVEC	64	0x3	448	0	0
down_proj	MAC	64	0x3	1727	0	0
down_proj	RD_MAC	0	0x1	32862	0	0
down_proj	RD_MAC	0	0x2	32863	0	0
down_proj	WRVEC	64	0x3	0	0	0
down_proj	MAC	64	0x3	1728	0	0
down_proj	WRVEC	64	0x3	64	0	0
down_proj	MAC	64	0x3	1729	0	0
down_proj	WRVEC	64	0x3	128	0	0
down_proj	MAC	64	0x3	1730	0	0
down_proj	WRVEC	64	0x3	192	0	0
down_proj	MAC	64	0x3	1731	0	0
down_proj	WRVEC	64	0x3	256	0	0
down_proj	MAC	64	0x3	1732	0	0
down_proj	WRVEC	64	0x3	320	0	0
down_proj	MAC	64	0x3	1733	0	0
down_proj	WRVEC	64	0x3	384	0	0
down_proj	MAC	64	0x3	1734	0	0
down_proj	WRVEC	64	0x3	448	0	0
down_proj	MAC	64	0x3	1735	0	0
down_proj	RD_MAC	0	0x1	32864	0	0
down_proj	RD_MAC	0	0x2	32865	0	0
down_proj	WRVEC	64	0x3	0	0	0
down_proj	MAC	64	0x3	1736	0	0
down_proj	WRVEC	64	0x3	64	0	0
down_proj	MAC	64	0x3	1737	0	0
down_proj	WRVEC	64	0x3	128	0	0
down_proj	MAC	64	0x3	1738	0	0
down_proj	WRVEC	64	0x3	192	0	0
down_proj	MAC	64	0x3	1739	0	0
down_proj	WRVEC	64	0x3	256	0	0
down_proj	MAC	64	0x3	1740	0	0
down_proj	WRVEC	64	0x3	320	0	0
down_proj	MAC	64	0x3	1741	0	0
down_proj	WRVEC	64	0x3	384	0	0
down_proj	MAC	64	0x3	1742	0	0
down_proj	WRVEC	64	0x3	448	0	0
down_proj	MAC	64	0x3	1743	0	0
down_proj	RD_MAC	0	0x1	32866	0	0
down_proj	RD_MAC	0	0x2	32867	0	0
down_proj	WRVEC	64	0x3	0	0	0
down_proj	MAC	64	0x3	1744	0	0
down_proj	WRVEC	64	0x3	64	0	0
down_proj	MAC	64	0x3	1745	0	0
down_proj	WRVEC	64	0x3	128	0	0
down_proj	MAC	64	0x3	1746	0	0
down_proj	WRVEC	64	0x3	192	0	0
down_proj	MAC	64	0x3	1747	0	0
down_proj	WRVEC	64	0x3	256	0	0
down_proj	MAC	64	0x3	1748	0	0
down_proj	WRVEC	64	0x3	320	0	0
down_proj	MAC	64	0x3	1749	0	0
down_proj	WRVEC	64	0x3	384	0	0
down_proj	MAC	64	0x3	1750	0	0
down_proj	WRVEC	64	0x3	448	0	0
down_proj	MAC	64	0x3	1751	0	0
down_proj	RD_MAC	0	0x1	32868	0	0
down_proj	RD_MAC	0	0x2	32869	0	0
down_proj	WRVEC	64	0x3	0	0	0
down_proj	MAC	64	0x3	1752	0	0
down_proj	WRVEC	64	0x3	64	0	0
down_proj	MAC	64	0x3	1753	0	0
down_proj	WRVEC	64	0x3	128	0	0
down_proj	MAC	64	0x3	1754	0	0
down_proj	WRVEC	64	0x3	192	0	0
down_proj	MAC	64	0x3	1755	0	0
down_proj	WRVEC	64	0x3	256	0	0
down_proj	MAC	64	0x3	1756	0	0
down_proj	WRVEC	64	0x3	320	0	0
down_proj	MAC	64	0x3	1757	0	0
down_proj	WRVEC	64	0x3	384	0	0
down_proj	MAC	64	0x3	1758	0	0
down_proj	WRVEC	64	0x3	448	0	0
down_proj	MAC	64	0x3	1759	0	0
down_proj	RD_MAC	0	0x1	32870	0	0
down_proj	RD_MAC	0	0x2	32871	0	0
down_proj	WRVEC	64	0x3	0	0	0
down_proj	MAC	64	0x3	1760	0	0
down_proj	WRVEC	64	0x3	64	0	0
down_proj	MAC	64	0x3	1761	0	0
down_proj	WRVEC	64	0x3	128	0	0
down_proj	MAC	64	0x3	1762	0	0
down_proj	WRVEC	64	0x3	192	0	0
down_proj	MAC	64	0x3	1763	0	0
down_proj	WRVEC	64	0x3	256	0	0
down_proj	MAC	64	0x3	1764	0	0
down_proj	WRVEC	64	0x3	320	0	0
down_proj	MAC	64	0x3	1765	0	0
down_proj	WRVEC	64	0x3	384	0	0
down_proj	MAC	64	0x3	1766	0	0
down_proj	WRVEC	64	0x3	448	0	0
down_proj	MAC	64	0x3	1767	0	0
down_proj	RD_MAC	0	0x1	32872	0	0
down_proj	RD_MAC	0	0x2	32873	0	0
down_proj	WRVEC	64	0x3	0	0	0
down_proj	MAC	64	0x3	1768	0	0
down_proj	WRVEC	64	0x3	64	0	0
down_proj	MAC	64	0x3	1769	0	0
down_proj	WRVEC	64	0x3	128	0	0
down_proj	MAC	64	0x3	1770	0	0
down_proj	WRVEC	64	0x3	192	0	0
down_proj	MAC	64	0x3	1771	0	0
down_proj	WRVEC	64	0x3	256	0	0
down_proj	MAC	64	0x3	1772	0	0
down_proj	WRVEC	64	0x3	320	0	0
down_proj	MAC	64	0x3	1773	0	0
down_proj	WRVEC	64	0x3	384	0	0
down_proj	MAC	64	0x3	1774	0	0
down_proj	WRVEC	64	0x3	448	0	0
down_proj	MAC	64	0x3	1775	0	0
down_proj	RD_MAC	0	0x1	32874	0	0
down_proj	RD_MAC	0	0x2	32875	0	0
down_proj	WRVEC	64	0x3	0	0	0
down_proj	MAC	64	0x3	1776	0	0
down_proj	WRVEC	64	0x3	64	0	0
down_proj	MAC	64	0x3	1777	0	0
down_proj	WRVEC	64	0x3	128	0	0
down_proj	MAC	64	0x3	1778	0	0
down_proj	WRVEC	64	0x3	192	0	0
down_proj	MAC	64	0x3	1779	0	0
down_proj	WRVEC	64	0x3	256	0	0
down_proj	MAC	64	0x3	1780	0	0
down_proj	WRVEC	64	0x3	320	0	0
down_proj	MAC	64	0x3	1781	0	0
down_proj	WRVEC	64	0x3	384	0	0
down_proj	MAC	64	0x3	1782	0	0
down_proj	WRVEC	64	0x3	448	0	0
down_proj	MAC	64	0x3	1783	0	0
down_proj	RD_MAC	0	0x1	32876	0	0
down_proj	RD_MAC	0	0x2	32877	0	0
down_proj	WRVEC	64	0x3	0	0	0
down_proj	MAC	64	0x3	1784	0	0
down_proj	WRVEC	64	0x3	64	0	0
down_proj	MAC	64	0x3	1785	0	0
down_proj	WRVEC	64	0x3	128	0	0
down_proj	MAC	64	0x3	1786	0	0
down_proj	WRVEC	64	0x3	192	0	0
down_proj	MAC	64	0x3	1787	0	0
down_proj	WRVEC	64	0x3	256	0	0
down_proj	MAC	64	0x3	1788	0	0
down_proj	WRVEC	64	0x3	320	0	0
down_proj	MAC	64	0x3	1789	0	0
down_proj	WRVEC	64	0x3	384	0	0
down_proj	MAC	64	0x3	1790	0	0
down_proj	WRVEC	64	0x3	448	0	0
down_proj	MAC	64	0x3	1791	0	0
down_proj	RD_MAC	0	0x1	32878	0	0
down_proj	RD_MAC	0	0x2	32879	0	0
down_proj	WRVEC	64	0x3	0	0	0
down_proj	MAC	64	0x3	1792	0	0
down_proj	WRVEC	64	0x3	64	0	0
down_proj	MAC	64	0x3	1793	0	0
down_proj	WRVEC	64	0x3	128	0	0
down_proj	MAC	64	0x3	1794	0	0
down_proj	WRVEC	64	0x3	192	0	0
down_proj	MAC	64	0x3	1795	0	0
down_proj	WRVEC	64	0x3	256	0	0
down_proj	MAC	64	0x3	1796	0	0
down_proj	WRVEC	64	0x3	320	0	0
down_proj	MAC	64	0x3	1797	0	0
down_proj	WRVEC	64	0x3	384	0	0
down_proj	MAC	64	0x3	1798	0	0
down_proj	WRVEC	64	0x3	448	0	0
down_proj	MAC	64	0x3	1799	0	0
down_proj	RD_MAC	0	0x1	32880	0	0
down_proj	RD_MAC	0	0x2	32881	0	0
down_proj	WRVEC	64	0x3	0	0	0
down_proj	MAC	64	0x3	1800	0	0
down_proj	WRVEC	64	0x3	64	0	0
down_proj	MAC	64	0x3	1801	0	0
down_proj	WRVEC	64	0x3	128	0	0
down_proj	MAC	64	0x3	1802	0	0
down_proj	WRVEC	64	0x3	192	0	0
down_proj	MAC	64	0x3	1803	0	0
down_proj	WRVEC	64	0x3	256	0	0
down_proj	MAC	64	0x3	1804	0	0
down_proj	WRVEC	64	0x3	320	0	0
down_proj	MAC	64	0x3	1805	0	0
down_proj	WRVEC	64	0x3	384	0	0
down_proj	MAC	64	0x3	1806	0	0
down_proj	WRVEC	64	0x3	448	0	0
down_proj	MAC	64	0x3	1807	0	0
down_proj	RD_MAC	0	0x1	32882	0	0
down_proj	RD_MAC	0	0x2	32883	0	0
down_proj	WRVEC	64	0x3	0	0	0
down_proj	MAC	64	0x3	1808	0	0
down_proj	WRVEC	64	0x3	64	0	0
down_proj	MAC	64	0x3	1809	0	0
down_proj	WRVEC	64	0x3	128	0	0
down_proj	MAC	64	0x3	1810	0	0
down_proj	WRVEC	64	0x3	192	0	0
down_proj	MAC	64	0x3	1811	0	0
down_proj	WRVEC	64	0x3	256	0	0
down_proj	MAC	64	0x3	1812	0	0
down_proj	WRVEC	64	0x3	320	0	0
down_proj	MAC	64	0x3	1813	0	0
down_proj	WRVEC	64	0x3	384	0	0
down_proj	MAC	64	0x3	1814	0	0
down_proj	WRVEC	64	0x3	448	0	0
down_proj	MAC	64	0x3	1815	0	0
down_proj	RD_MAC	0	0x1	32884	0	0
down_proj	RD_MAC	0	0x2	32885	0	0
down_proj	WRVEC	64	0x3	0	0	0
down_proj	MAC	64	0x3	1816	0	0
down_proj	WRVEC	64	0x3	64	0	0
down_proj	MAC	64	0x3	1817	0	0
down_proj	WRVEC	64	0x3	128	0	0
down_proj	MAC	64	0x3	1818	0	0
down_proj	WRVEC	64	0x3	192	0	0
down_proj	MAC	64	0x3	1819	0	0
down_proj	WRVEC	64	0x3	256	0	0
down_proj	MAC	64	0x3	1820	0	0
down_proj	WRVEC	64	0x3	320	0	0
down_proj	MAC	64	0x3	1821	0	0
down_proj	WRVEC	64	0x3	384	0	0
down_proj	MAC	64	0x3	1822	0	0
down_proj	WRVEC	64	0x3	448	0	0
down_proj	MAC	64	0x3	1823	0	0
down_proj	RD_MAC	0	0x1	32886	0	0
down_proj	RD_MAC	0	0x2	32887	0	0
down_proj	WRVEC	64	0x3	0	0	0
down_proj	MAC	64	0x3	1824	0	0
down_proj	WRVEC	64	0x3	64	0	0
down_proj	MAC	64	0x3	1825	0	0
down_proj	WRVEC	64	0x3	128	0	0
down_proj	MAC	64	0x3	1826	0	0
down_proj	WRVEC	64	0x3	192	0	0
down_proj	MAC	64	0x3	1827	0	0
down_proj	WRVEC	64	0x3	256	0	0
down_proj	MAC	64	0x3	1828	0	0
down_proj	WRVEC	64	0x3	320	0	0
down_proj	MAC	64	0x3	1829	0	0
down_proj	WRVEC	64	0x3	384	0	0
down_proj	MAC	64	0x3	1830	0	0
down_proj	WRVEC	64	0x3	448	0	0
down_proj	MAC	64	0x3	1831	0	0
down_proj	RD_MAC	0	0x1	32888	0	0
down_proj	RD_MAC	0	0x2	32889	0	0
down_proj	WRVEC	64	0x3	0	0	0
down_proj	MAC	64	0x3	1832	0	0
down_proj	WRVEC	64	0x3	64	0	0
down_proj	MAC	64	0x3	1833	0	0
down_proj	WRVEC	64	0x3	128	0	0
down_proj	MAC	64	0x3	1834	0	0
down_proj	WRVEC	64	0x3	192	0	0
down_proj	MAC	64	0x3	1835	0	0
down_proj	WRVEC	64	0x3	256	0	0
down_proj	MAC	64	0x3	1836	0	0
down_proj	WRVEC	64	0x3	320	0	0
down_proj	MAC	64	0x3	1837	0	0
down_proj	WRVEC	64	0x3	384	0	0
down_proj	MAC	64	0x3	1838	0	0
down_proj	WRVEC	64	0x3	448	0	0
down_proj	MAC	64	0x3	1839	0	0
down_proj	RD_MAC	0	0x1	32890	0	0
down_proj	RD_MAC	0	0x2	32891	0	0
down_proj	WRVEC	64	0x3	0	0	0
down_proj	MAC	64	0x3	1840	0	0
down_proj	WRVEC	64	0x3	64	0	0
down_proj	MAC	64	0x3	1841	0	0
down_proj	WRVEC	64	0x3	128	0	0
down_proj	MAC	64	0x3	1842	0	0
down_proj	WRVEC	64	0x3	192	0	0
down_proj	MAC	64	0x3	1843	0	0
down_proj	WRVEC	64	0x3	256	0	0
down_proj	MAC	64	0x3	1844	0	0
down_proj	WRVEC	64	0x3	320	0	0
down_proj	MAC	64	0x3	1845	0	0
down_proj	WRVEC	64	0x3	384	0	0
down_proj	MAC	64	0x3	1846	0	0
down_proj	WRVEC	64	0x3	448	0	0
down_proj	MAC	64	0x3	1847	0	0
down_proj	RD_MAC	0	0x1	32892	0	0
down_proj	RD_MAC	0	0x2	32893	0	0
down_proj	WRVEC	64	0x3	0	0	0
down_proj	MAC	64	0x3	1848	0	0
down_proj	WRVEC	64	0x3	64	0	0
down_proj	MAC	64	0x3	1849	0	0
down_proj	WRVEC	64	0x3	128	0	0
down_proj	MAC	64	0x3	1850	0	0
down_proj	WRVEC	64	0x3	192	0	0
down_proj	MAC	64	0x3	1851	0	0
down_proj	WRVEC	64	0x3	256	0	0
down_proj	MAC	64	0x3	1852	0	0
down_proj	WRVEC	64	0x3	320	0	0
down_proj	MAC	64	0x3	1853	0	0
down_proj	WRVEC	64	0x3	384	0	0
down_proj	MAC	64	0x3	1854	0	0
down_proj	WRVEC	64	0x3	448	0	0
down_proj	MAC	64	0x3	1855	0	0
down_proj	RD_MAC	0	0x1	32894	0	0
down_proj	RD_MAC	0	0x2	32895	0	0
